{"cameraMode":{"drawMode":0,"name":"Shaded","section":"Shading Mode"},"sceneLighting":false,"audioPlay":false,"sceneViewState":{"m_AlwaysRefresh":true,"showFog":true,"showSkybox":false,"showFlares":true,"showImageEffects":true,"showParticleSystems":true,"showVisualEffectGraphs":true,"m_FxEnabled":true},"in2DMode":false,"pivot":{"x":0.9656133055686951,"y":0.6016973257064819,"z":2.0228652954101564},"rotation":{"x":0.046929020434617999,"y":-0.9410226941108704,"z":0.1465558409690857,"w":0.3013298809528351},"size":0.7751473188400269,"orthographic":false}