{"cameraMode":{"drawMode":0,"name":"Shaded","section":"Shading Mode"},"sceneLighting":true,"audioPlay":false,"sceneViewState":{"m_AlwaysRefresh":true,"showFog":true,"showSkybox":true,"showFlares":true,"showImageEffects":true,"showParticleSystems":true,"showVisualEffectGraphs":true,"m_FxEnabled":true},"in2DMode":false,"pivot":{"x":-20.850261688232423,"y":2.98714017868042,"z":3.7875709533691408},"rotation":{"x":-0.08065921068191529,"y":0.11843860894441605,"z":-0.009564846754074097,"w":-0.9896906614303589},"size":21.88457489013672,"orthographic":false}