{"cameraMode":{"drawMode":0,"name":"Shaded","section":"Shading Mode"},"sceneLighting":true,"audioPlay":false,"sceneViewState":{"m_AlwaysRefresh":true,"showFog":true,"showSkybox":true,"showFlares":true,"showImageEffects":true,"showParticleSystems":true,"showVisualEffectGraphs":true,"m_FxEnabled":true},"in2DMode":false,"pivot":{"x":23.24358367919922,"y":-0.5218057632446289,"z":1.6126594543457032},"rotation":{"x":-0.008024642243981362,"y":0.9633029103279114,"z":-0.2669210433959961,"w":-0.028584608808159829},"size":13.022601127624512,"orthographic":false}