{"cameraMode":{"drawMode":0,"name":"Shaded","section":"Shading Mode"},"sceneLighting":true,"audioPlay":false,"sceneViewState":{"m_AlwaysRefresh":true,"showFog":true,"showSkybox":true,"showFlares":true,"showImageEffects":true,"showParticleSystems":true,"showVisualEffectGraphs":true,"m_FxEnabled":true},"in2DMode":false,"pivot":{"x":-3.494075059890747,"y":-54.50695037841797,"z":67.22651672363281},"rotation":{"x":0.3455564081668854,"y":-0.002558798296377063,"z":0.0008518618997186422,"w":0.9384565353393555},"size":76.90502166748047,"orthographic":false}