{"cameraMode":{"drawMode":0,"name":"Shaded","section":"Shading Mode"},"sceneLighting":true,"audioPlay":false,"sceneViewState":{"m_AlwaysRefresh":true,"showFog":true,"showSkybox":true,"showFlares":true,"showImageEffects":true,"showParticleSystems":true,"showVisualEffectGraphs":true,"m_FxEnabled":true},"in2DMode":false,"pivot":{"x":-13.627257347106934,"y":-44.27972412109375,"z":35.13234329223633},"rotation":{"x":-0.47719866037368777,"y":-0.04944973811507225,"z":0.027060573920607568,"w":-0.8770410418510437},"size":65.52587127685547,"orthographic":false}