{"cameraMode":{"drawMode":0,"name":"Shaded","section":"Shading Mode"},"sceneLighting":true,"audioPlay":false,"sceneViewState":{"m_AlwaysRefresh":true,"showFog":true,"showSkybox":true,"showFlares":true,"showImageEffects":true,"showParticleSystems":true,"showVisualEffectGraphs":true,"m_FxEnabled":true},"in2DMode":false,"pivot":{"x":-2.5781092643737795,"y":5.111228942871094,"z":-3.7683987617492677},"rotation":{"x":-0.15176476538181306,"y":0.11006534844636917,"z":-0.017004074528813363,"w":-0.9821521639823914},"size":16.839391708374025,"orthographic":false}