{"cameraMode":{"drawMode":0,"name":"Shaded","section":"Shading Mode"},"sceneLighting":true,"audioPlay":false,"sceneViewState":{"m_AlwaysRefresh":true,"showFog":true,"showSkybox":true,"showFlares":true,"showImageEffects":true,"showParticleSystems":true,"showVisualEffectGraphs":true,"m_FxEnabled":true},"in2DMode":false,"pivot":{"x":46.420623779296878,"y":-120.16605377197266,"z":-107.02459716796875},"rotation":{"x":0.0973372682929039,"y":0.8861550092697144,"z":-0.3976905047893524,"w":0.21719694137573243},"size":102.32117462158203,"orthographic":false}