{"cameraMode":{"drawMode":0,"name":"Shaded","section":"Shading Mode"},"sceneLighting":true,"audioPlay":false,"sceneViewState":{"m_AlwaysRefresh":true,"showFog":true,"showSkybox":true,"showFlares":true,"showImageEffects":true,"showParticleSystems":true,"showVisualEffectGraphs":true,"m_FxEnabled":true},"in2DMode":false,"pivot":{"x":-15.494891166687012,"y":-5.248642921447754,"z":2.529160976409912},"rotation":{"x":-0.17756307125091554,"y":0.05814209207892418,"z":-0.01041729561984539,"w":-0.9823939204216003},"size":14.092083930969239,"orthographic":false}