{"cameraMode":{"drawMode":0,"name":"Shaded","section":"Shading Mode"},"sceneLighting":true,"audioPlay":false,"sceneViewState":{"m_AlwaysRefresh":true,"showFog":true,"showSkybox":true,"showFlares":true,"showImageEffects":true,"showParticleSystems":true,"showVisualEffectGraphs":true,"m_FxEnabled":true},"in2DMode":false,"pivot":{"x":-0.31297388672828677,"y":-35.887779235839847,"z":44.942840576171878},"rotation":{"x":0.2800135612487793,"y":-0.009819910861551762,"z":0.0027306792326271536,"w":0.9599855542182922},"size":64.58361053466797,"orthographic":false}