{"cameraMode":{"drawMode":0,"name":"Shaded","section":"Shading Mode"},"sceneLighting":false,"audioPlay":false,"sceneViewState":{"m_AlwaysRefresh":true,"showFog":true,"showSkybox":false,"showFlares":true,"showImageEffects":true,"showParticleSystems":true,"showVisualEffectGraphs":true,"m_FxEnabled":true},"in2DMode":false,"pivot":{"x":9.829999923706055,"y":3.1019492149353029,"z":0.3197871148586273},"rotation":{"x":0.31899285316467287,"y":0.07833638042211533,"z":-0.026554999873042108,"w":0.9442028403282166},"size":4.123462200164795,"orthographic":false}