Using pre-set license
Built from '2022.3/release' branch; Version is '2022.3.5f1 (9674261d40ee) revision 9860134'; Using compiler version '192829333'; Build Type 'Release'
OS: 'Windows 10  (10.0.19045) 64bit Professional' Language: 'es' Physical Memory: 14246 MB
BatchMode: 1, IsHumanControllingUs: 0, StartBugReporterOnCrash: 0, Is64bit: 1, IsPro: 1

COMMAND LINE ARGUMENTS:
C:\Program Files\Unity 2022.3.5f1\Editor\Unity.exe
-adb2
-batchMode
-noUpm
-name
AssetImportWorker1
-projectPath
Z:/Tareas de Mariel/Programacion/GitHub_Projects/TW
-logFile
Logs/AssetImportWorker1.log
-srvPort
50289
Successfully changed project path to: Z:/Tareas de Mariel/Programacion/GitHub_Projects/TW
Z:/Tareas de Mariel/Programacion/GitHub_Projects/TW
[UnityMemory] Configuration Parameters - Can be set up in boot.config
    "memorysetup-bucket-allocator-granularity=16"
    "memorysetup-bucket-allocator-bucket-count=8"
    "memorysetup-bucket-allocator-block-size=33554432"
    "memorysetup-bucket-allocator-block-count=8"
    "memorysetup-main-allocator-block-size=16777216"
    "memorysetup-thread-allocator-block-size=16777216"
    "memorysetup-gfx-main-allocator-block-size=16777216"
    "memorysetup-gfx-thread-allocator-block-size=16777216"
    "memorysetup-cache-allocator-block-size=4194304"
    "memorysetup-typetree-allocator-block-size=2097152"
    "memorysetup-profiler-bucket-allocator-granularity=16"
    "memorysetup-profiler-bucket-allocator-bucket-count=8"
    "memorysetup-profiler-bucket-allocator-block-size=33554432"
    "memorysetup-profiler-bucket-allocator-block-count=8"
    "memorysetup-profiler-allocator-block-size=16777216"
    "memorysetup-profiler-editor-allocator-block-size=1048576"
    "memorysetup-temp-allocator-size-main=16777216"
    "memorysetup-job-temp-allocator-block-size=2097152"
    "memorysetup-job-temp-allocator-block-size-background=1048576"
    "memorysetup-job-temp-allocator-reduction-small-platforms=262144"
    "memorysetup-allocator-temp-initial-block-size-main=262144"
    "memorysetup-allocator-temp-initial-block-size-worker=262144"
    "memorysetup-temp-allocator-size-background-worker=32768"
    "memorysetup-temp-allocator-size-job-worker=262144"
    "memorysetup-temp-allocator-size-preload-manager=33554432"
    "memorysetup-temp-allocator-size-nav-mesh-worker=65536"
    "memorysetup-temp-allocator-size-audio-worker=65536"
    "memorysetup-temp-allocator-size-cloud-worker=32768"
    "memorysetup-temp-allocator-size-gi-baking-worker=262144"
    "memorysetup-temp-allocator-size-gfx=262144"
Player connection [13232] Host "[IP] 192.168.0.118 [Port] 0 [Flags] 2 [Guid] 3238410132 [EditorId] 3238410132 [Version] 1048832 [Id] WindowsEditor(7,DESKTOP-A4UNCO3) [Debug] 1 [PackageName] WindowsEditor [ProjectName] Editor" joined multi-casting on [225.0.0.222:54997]...

Player connection [13232] Host "[IP] 192.168.0.118 [Port] 0 [Flags] 2 [Guid] 3238410132 [EditorId] 3238410132 [Version] 1048832 [Id] WindowsEditor(7,DESKTOP-A4UNCO3) [Debug] 1 [PackageName] WindowsEditor [ProjectName] Editor" joined alternative multi-casting on [225.0.0.222:34997]...

Refreshing native plugins compatible for Editor in 51.00 ms, found 4 plugins.
Preloading 0 native plugins for Editor in 0.00 ms.
Initialize engine version: 2022.3.5f1 (9674261d40ee)
[Subsystems] Discovering subsystems at path C:/Program Files/Unity 2022.3.5f1/Editor/Data/Resources/UnitySubsystems
[Subsystems] Discovering subsystems at path Z:/Tareas de Mariel/Programacion/GitHub_Projects/TW/Assets
GfxDevice: creating device client; threaded=0; jobified=0
Direct3D:
    Version:  Direct3D 11.0 [level 11.1]
    Renderer: AMD Radeon(TM) RX Vega 11 Graphics (ID=0x15dd)
    Vendor:   ATI
    VRAM:     7123 MB
    Driver:   31.0.14046.0
Initialize mono
Mono path[0] = 'C:/Program Files/Unity 2022.3.5f1/Editor/Data/Managed'
Mono path[1] = 'C:/Program Files/Unity 2022.3.5f1/Editor/Data/MonoBleedingEdge/lib/mono/unityjit-win32'
Mono config path = 'C:/Program Files/Unity 2022.3.5f1/Editor/Data/MonoBleedingEdge/etc'
Using monoOptions --debugger-agent=transport=dt_socket,embedding=1,server=y,suspend=n,address=127.0.0.1:56524
Begin MonoManager ReloadAssembly
Registering precompiled unity dll's ...
Register platform support module: C:/Program Files/Unity 2022.3.5f1/Editor/Data/PlaybackEngines/WindowsStandaloneSupport/UnityEditor.WindowsStandalone.Extensions.dll
Registered in 0.016809 seconds.
- Loaded All Assemblies, in  0.739 seconds
Native extension for WindowsStandalone target not found
Mono: successfully reloaded assembly
- Finished resetting the current domain, in  0.493 seconds
Domain Reload Profiling: 1219ms
	BeginReloadAssembly (222ms)
		ExecutionOrderSort (0ms)
		DisableScriptedObjects (0ms)
		BackupInstance (0ms)
		ReleaseScriptingObjects (0ms)
		CreateAndSetChildDomain (1ms)
	RebuildCommonClasses (71ms)
	RebuildNativeTypeToScriptingClass (17ms)
	initialDomainReloadingComplete (153ms)
	LoadAllAssembliesAndSetupDomain (263ms)
		LoadAssemblies (212ms)
		RebuildTransferFunctionScriptingTraits (0ms)
		AnalyzeDomain (238ms)
			TypeCache.Refresh (237ms)
				TypeCache.ScanAssembly (219ms)
			ScanForSourceGeneratedMonoScriptInfo (1ms)
			ResolveRequiredComponents (1ms)
	FinalizeReload (493ms)
		ReleaseScriptCaches (0ms)
		RebuildScriptCaches (0ms)
		SetupLoadedEditorAssemblies (401ms)
			LogAssemblyErrors (0ms)
			InitializePlatformSupportModulesInManaged (18ms)
			SetLoadedEditorAssemblies (11ms)
			RefreshPlugins (0ms)
			BeforeProcessingInitializeOnLoad (3ms)
			ProcessInitializeOnLoadAttributes (248ms)
			ProcessInitializeOnLoadMethodAttributes (121ms)
			AfterProcessingInitializeOnLoad (0ms)
			EditorAssembliesLoaded (0ms)
		ExecutionOrderSort2 (0ms)
		AwakeInstancesAfterBackupRestoration (0ms)
========================================================================
Worker process is ready to serve import requests
Begin MonoManager ReloadAssembly
Symbol file LoadedFromMemory doesn't match image Z:\Tareas de Mariel\Programacion\GitHub_Projects\TW\Library\PackageCache\com.unity.visualscripting@1.8.0\Editor\VisualScripting.Core\Dependencies\YamlDotNet\Unity.VisualScripting.YamlDotNet.dll
Symbol file LoadedFromMemory is not a mono symbol file
Symbol file LoadedFromMemory is not a mono symbol file
Symbol file LoadedFromMemory doesn't match image Z:\Tareas de Mariel\Programacion\GitHub_Projects\TW\Library\PackageCache\com.unity.visualscripting@1.8.0\Editor\VisualScripting.Core\Dependencies\DotNetZip\Unity.VisualScripting.IonicZip.dll
Symbol file LoadedFromMemory is not a mono symbol file
Symbol file LoadedFromMemory is not a mono symbol file
- Loaded All Assemblies, in  2.152 seconds
Refreshing native plugins compatible for Editor in 38.93 ms, found 4 plugins.
Native extension for WindowsStandalone target not found
Package Manager log level set to [2]
[Package Manager] Server::EnsureServerProcessIsRunning -- launch failed, reason: Unity was launched with the -noUpm command-line argument
[Package Manager] UpmClient::Send -- Unable to send message (not connected to UPM process).
[Package Manager] Cannot connect to Unity Package Manager local server
Mono: successfully reloaded assembly
- Finished resetting the current domain, in  1.439 seconds
Domain Reload Profiling: 3568ms
	BeginReloadAssembly (289ms)
		ExecutionOrderSort (0ms)
		DisableScriptedObjects (10ms)
		BackupInstance (0ms)
		ReleaseScriptingObjects (0ms)
		CreateAndSetChildDomain (30ms)
	RebuildCommonClasses (128ms)
	RebuildNativeTypeToScriptingClass (21ms)
	initialDomainReloadingComplete (136ms)
	LoadAllAssembliesAndSetupDomain (1554ms)
		LoadAssemblies (933ms)
		RebuildTransferFunctionScriptingTraits (0ms)
		AnalyzeDomain (723ms)
			TypeCache.Refresh (671ms)
				TypeCache.ScanAssembly (645ms)
			ScanForSourceGeneratedMonoScriptInfo (36ms)
			ResolveRequiredComponents (15ms)
	FinalizeReload (1441ms)
		ReleaseScriptCaches (0ms)
		RebuildScriptCaches (0ms)
		SetupLoadedEditorAssemblies (1108ms)
			LogAssemblyErrors (0ms)
			InitializePlatformSupportModulesInManaged (13ms)
			SetLoadedEditorAssemblies (5ms)
			RefreshPlugins (0ms)
			BeforeProcessingInitializeOnLoad (174ms)
			ProcessInitializeOnLoadAttributes (814ms)
			ProcessInitializeOnLoadMethodAttributes (56ms)
			AfterProcessingInitializeOnLoad (45ms)
			EditorAssembliesLoaded (1ms)
		ExecutionOrderSort2 (0ms)
		AwakeInstancesAfterBackupRestoration (12ms)
Launched and connected shader compiler UnityShaderCompiler.exe after 0.10 seconds
Refreshing native plugins compatible for Editor in 66.13 ms, found 4 plugins.
Preloading 0 native plugins for Editor in 0.00 ms.
Unloading 3185 Unused Serialized files (Serialized files now loaded: 0)
Unloading 61 unused Assets / (71.6 KB). Loaded Objects now: 3645.
Memory consumption went from 124.6 MB to 124.6 MB.
Total: 9.112700 ms (FindLiveObjects: 0.604200 ms CreateObjectMapping: 0.569400 ms MarkObjects: 7.656600 ms  DeleteObjects: 0.280300 ms)

AssetImportParameters requested are different than current active one (requested -> active):
  custom:container-demuxer-ogg: 62fdf1f143b41e24485cea50d1cbac27 -> 
  custom:video-decoder-ogg-theora: a1e56fd34408186e4bbccfd4996cb3dc -> 
  custom:framework-win-MediaFoundation: 216162199b28c13a410421893ffa2e32 -> 
  custom:container-demuxer-webm: 4f35f7cbe854078d1ac9338744f61a02 -> 
  custom:container-muxer-webm: aa71ff27fc2769a1b78a27578f13a17b -> 
  custom:video-decoder-webm-vp8: 9c59270c3fd7afecdb556c50c9e8de78 -> 
  custom:AudioImporter_EditorPlatform: d09bf68614088b80899f8185d706f6e7 -> 
  custom:video-encoder-webm-vp8: eb34c28f22e8b96e1ab97ce403110664 -> 
  custom:audio-decoder-ogg-vorbis: bf7c407c2cedff20999df2af8eb42d56 -> 
  custom:audio-encoder-webm-vorbis: bf7c407c2cedff20999df2af8eb42d56 -> 
========================================================================
Received Prepare
Refreshing native plugins compatible for Editor in 25.94 ms, found 4 plugins.
Preloading 0 native plugins for Editor in 0.00 ms.
Unloading 1 Unused Serialized files (Serialized files now loaded: 0)
Unloading 1 unused Assets / (3.0 KB). Loaded Objects now: 3645.
Memory consumption went from 71.0 MB to 71.0 MB.
Total: 4.294500 ms (FindLiveObjects: 0.450600 ms CreateObjectMapping: 0.103700 ms MarkObjects: 3.706700 ms  DeleteObjects: 0.031900 ms)

Prepare: number of updated asset objects reloaded= 0
AssetImportParameters requested are different than current active one (requested -> active):
  custom:container-demuxer-ogg: 62fdf1f143b41e24485cea50d1cbac27 -> 
  custom:video-decoder-ogg-theora: a1e56fd34408186e4bbccfd4996cb3dc -> 
  custom:framework-win-MediaFoundation: 216162199b28c13a410421893ffa2e32 -> 
  custom:CustomObjectIndexerAttribute: 756ad292c208cfabdd7b50bc23989ffe -> 
  custom:container-demuxer-webm: 4f35f7cbe854078d1ac9338744f61a02 -> 
  custom:container-muxer-webm: aa71ff27fc2769a1b78a27578f13a17b -> 
  custom:video-decoder-webm-vp8: 9c59270c3fd7afecdb556c50c9e8de78 -> 
  custom:AudioImporter_EditorPlatform: d09bf68614088b80899f8185d706f6e7 -> 
  custom:video-encoder-webm-vp8: eb34c28f22e8b96e1ab97ce403110664 -> 
  custom:audio-decoder-ogg-vorbis: bf7c407c2cedff20999df2af8eb42d56 -> 
  custom:audio-encoder-webm-vorbis: bf7c407c2cedff20999df2af8eb42d56 -> 
========================================================================
Received Prepare
Begin MonoManager ReloadAssembly
Symbol file LoadedFromMemory doesn't match image Z:\Tareas de Mariel\Programacion\GitHub_Projects\TW\Library\PackageCache\com.unity.visualscripting@1.8.0\Editor\VisualScripting.Core\Dependencies\YamlDotNet\Unity.VisualScripting.YamlDotNet.dll
Symbol file LoadedFromMemory is not a mono symbol file
Symbol file LoadedFromMemory is not a mono symbol file
Symbol file LoadedFromMemory doesn't match image Z:\Tareas de Mariel\Programacion\GitHub_Projects\TW\Library\PackageCache\com.unity.visualscripting@1.8.0\Editor\VisualScripting.Core\Dependencies\DotNetZip\Unity.VisualScripting.IonicZip.dll
Symbol file LoadedFromMemory is not a mono symbol file
Symbol file LoadedFromMemory is not a mono symbol file
- Loaded All Assemblies, in  1.457 seconds
Refreshing native plugins compatible for Editor in 33.12 ms, found 4 plugins.
Native extension for WindowsStandalone target not found
[Package Manager] Server::EnsureServerProcessIsRunning -- launch failed, reason: Unity was launched with the -noUpm command-line argument
[Package Manager] UpmClient::Send -- Unable to send message (not connected to UPM process).
[Package Manager] Cannot connect to Unity Package Manager local server
Mono: successfully reloaded assembly
- Finished resetting the current domain, in  2.096 seconds
Domain Reload Profiling: 3539ms
	BeginReloadAssembly (265ms)
		ExecutionOrderSort (0ms)
		DisableScriptedObjects (9ms)
		BackupInstance (0ms)
		ReleaseScriptingObjects (0ms)
		CreateAndSetChildDomain (59ms)
	RebuildCommonClasses (67ms)
	RebuildNativeTypeToScriptingClass (22ms)
	initialDomainReloadingComplete (83ms)
	LoadAllAssembliesAndSetupDomain (1004ms)
		LoadAssemblies (579ms)
		RebuildTransferFunctionScriptingTraits (0ms)
		AnalyzeDomain (523ms)
			TypeCache.Refresh (505ms)
				TypeCache.ScanAssembly (483ms)
			ScanForSourceGeneratedMonoScriptInfo (8ms)
			ResolveRequiredComponents (11ms)
	FinalizeReload (2098ms)
		ReleaseScriptCaches (0ms)
		RebuildScriptCaches (0ms)
		SetupLoadedEditorAssemblies (779ms)
			LogAssemblyErrors (0ms)
			InitializePlatformSupportModulesInManaged (13ms)
			SetLoadedEditorAssemblies (5ms)
			RefreshPlugins (0ms)
			BeforeProcessingInitializeOnLoad (121ms)
			ProcessInitializeOnLoadAttributes (569ms)
			ProcessInitializeOnLoadMethodAttributes (39ms)
			AfterProcessingInitializeOnLoad (32ms)
			EditorAssembliesLoaded (0ms)
		ExecutionOrderSort2 (0ms)
		AwakeInstancesAfterBackupRestoration (11ms)
Refreshing native plugins compatible for Editor in 35.01 ms, found 4 plugins.
Preloading 0 native plugins for Editor in 0.00 ms.
Unloading 3164 Unused Serialized files (Serialized files now loaded: 0)
Unloading 52 unused Assets / (45.7 KB). Loaded Objects now: 3648.
Memory consumption went from 120.4 MB to 120.3 MB.
Total: 3.981600 ms (FindLiveObjects: 0.321700 ms CreateObjectMapping: 0.110700 ms MarkObjects: 3.451300 ms  DeleteObjects: 0.096700 ms)

Prepare: number of updated asset objects reloaded= 0
AssetImportParameters requested are different than current active one (requested -> active):
  custom:container-demuxer-ogg: 62fdf1f143b41e24485cea50d1cbac27 -> 
  custom:video-decoder-ogg-theora: a1e56fd34408186e4bbccfd4996cb3dc -> 
  custom:framework-win-MediaFoundation: 216162199b28c13a410421893ffa2e32 -> 
  custom:CustomObjectIndexerAttribute: 756ad292c208cfabdd7b50bc23989ffe -> 
  custom:container-demuxer-webm: 4f35f7cbe854078d1ac9338744f61a02 -> 
  custom:container-muxer-webm: aa71ff27fc2769a1b78a27578f13a17b -> 
  custom:video-decoder-webm-vp8: 9c59270c3fd7afecdb556c50c9e8de78 -> 
  custom:AudioImporter_EditorPlatform: d09bf68614088b80899f8185d706f6e7 -> 
  custom:video-encoder-webm-vp8: eb34c28f22e8b96e1ab97ce403110664 -> 
  custom:audio-decoder-ogg-vorbis: bf7c407c2cedff20999df2af8eb42d56 -> 
  custom:audio-encoder-webm-vorbis: bf7c407c2cedff20999df2af8eb42d56 -> 
========================================================================
Received Prepare
Refreshing native plugins compatible for Editor in 35.68 ms, found 4 plugins.
Preloading 0 native plugins for Editor in 0.00 ms.
Unloading 1 Unused Serialized files (Serialized files now loaded: 0)
Unloading 1 unused Assets / (3.0 KB). Loaded Objects now: 3648.
Memory consumption went from 71.0 MB to 71.0 MB.
Total: 4.713400 ms (FindLiveObjects: 0.361200 ms CreateObjectMapping: 0.121500 ms MarkObjects: 4.202000 ms  DeleteObjects: 0.026200 ms)

Prepare: number of updated asset objects reloaded= 0
AssetImportParameters requested are different than current active one (requested -> active):
  custom:container-demuxer-ogg: 62fdf1f143b41e24485cea50d1cbac27 -> 
  custom:video-decoder-ogg-theora: a1e56fd34408186e4bbccfd4996cb3dc -> 
  custom:framework-win-MediaFoundation: 216162199b28c13a410421893ffa2e32 -> 
  custom:CustomObjectIndexerAttribute: 756ad292c208cfabdd7b50bc23989ffe -> 
  custom:container-demuxer-webm: 4f35f7cbe854078d1ac9338744f61a02 -> 
  custom:container-muxer-webm: aa71ff27fc2769a1b78a27578f13a17b -> 
  custom:video-decoder-webm-vp8: 9c59270c3fd7afecdb556c50c9e8de78 -> 
  custom:AudioImporter_EditorPlatform: d09bf68614088b80899f8185d706f6e7 -> 
  custom:video-encoder-webm-vp8: eb34c28f22e8b96e1ab97ce403110664 -> 
  custom:audio-decoder-ogg-vorbis: bf7c407c2cedff20999df2af8eb42d56 -> 
  custom:audio-encoder-webm-vorbis: bf7c407c2cedff20999df2af8eb42d56 -> 
========================================================================
Received Prepare
Begin MonoManager ReloadAssembly
Symbol file LoadedFromMemory doesn't match image Z:\Tareas de Mariel\Programacion\GitHub_Projects\TW\Library\PackageCache\com.unity.visualscripting@1.8.0\Editor\VisualScripting.Core\Dependencies\YamlDotNet\Unity.VisualScripting.YamlDotNet.dll
Symbol file LoadedFromMemory is not a mono symbol file
Symbol file LoadedFromMemory is not a mono symbol file
Symbol file LoadedFromMemory doesn't match image Z:\Tareas de Mariel\Programacion\GitHub_Projects\TW\Library\PackageCache\com.unity.visualscripting@1.8.0\Editor\VisualScripting.Core\Dependencies\DotNetZip\Unity.VisualScripting.IonicZip.dll
Symbol file LoadedFromMemory is not a mono symbol file
Symbol file LoadedFromMemory is not a mono symbol file
- Loaded All Assemblies, in  1.577 seconds
Refreshing native plugins compatible for Editor in 47.35 ms, found 4 plugins.
Native extension for WindowsStandalone target not found
[Package Manager] Server::EnsureServerProcessIsRunning -- launch failed, reason: Unity was launched with the -noUpm command-line argument
[Package Manager] UpmClient::Send -- Unable to send message (not connected to UPM process).
[Package Manager] Cannot connect to Unity Package Manager local server
Mono: successfully reloaded assembly
- Finished resetting the current domain, in  2.666 seconds
Domain Reload Profiling: 4227ms
	BeginReloadAssembly (276ms)
		ExecutionOrderSort (0ms)
		DisableScriptedObjects (13ms)
		BackupInstance (0ms)
		ReleaseScriptingObjects (0ms)
		CreateAndSetChildDomain (66ms)
	RebuildCommonClasses (70ms)
	RebuildNativeTypeToScriptingClass (23ms)
	initialDomainReloadingComplete (95ms)
	LoadAllAssembliesAndSetupDomain (1095ms)
		LoadAssemblies (659ms)
		RebuildTransferFunctionScriptingTraits (0ms)
		AnalyzeDomain (538ms)
			TypeCache.Refresh (525ms)
				TypeCache.ScanAssembly (502ms)
			ScanForSourceGeneratedMonoScriptInfo (0ms)
			ResolveRequiredComponents (13ms)
	FinalizeReload (2667ms)
		ReleaseScriptCaches (0ms)
		RebuildScriptCaches (0ms)
		SetupLoadedEditorAssemblies (1105ms)
			LogAssemblyErrors (0ms)
			InitializePlatformSupportModulesInManaged (19ms)
			SetLoadedEditorAssemblies (7ms)
			RefreshPlugins (0ms)
			BeforeProcessingInitializeOnLoad (173ms)
			ProcessInitializeOnLoadAttributes (802ms)
			ProcessInitializeOnLoadMethodAttributes (54ms)
			AfterProcessingInitializeOnLoad (49ms)
			EditorAssembliesLoaded (0ms)
		ExecutionOrderSort2 (0ms)
		AwakeInstancesAfterBackupRestoration (15ms)
Refreshing native plugins compatible for Editor in 43.42 ms, found 4 plugins.
Preloading 0 native plugins for Editor in 0.00 ms.
Unloading 3164 Unused Serialized files (Serialized files now loaded: 0)
Unloading 52 unused Assets / (45.7 KB). Loaded Objects now: 3651.
Memory consumption went from 120.4 MB to 120.4 MB.
Total: 5.277900 ms (FindLiveObjects: 0.371500 ms CreateObjectMapping: 0.294600 ms MarkObjects: 4.498100 ms  DeleteObjects: 0.112100 ms)

Prepare: number of updated asset objects reloaded= 0
AssetImportParameters requested are different than current active one (requested -> active):
  custom:container-demuxer-ogg: 62fdf1f143b41e24485cea50d1cbac27 -> 
  custom:video-decoder-ogg-theora: a1e56fd34408186e4bbccfd4996cb3dc -> 
  custom:framework-win-MediaFoundation: 216162199b28c13a410421893ffa2e32 -> 
  custom:CustomObjectIndexerAttribute: 756ad292c208cfabdd7b50bc23989ffe -> 
  custom:container-demuxer-webm: 4f35f7cbe854078d1ac9338744f61a02 -> 
  custom:container-muxer-webm: aa71ff27fc2769a1b78a27578f13a17b -> 
  custom:video-decoder-webm-vp8: 9c59270c3fd7afecdb556c50c9e8de78 -> 
  custom:AudioImporter_EditorPlatform: d09bf68614088b80899f8185d706f6e7 -> 
  custom:video-encoder-webm-vp8: eb34c28f22e8b96e1ab97ce403110664 -> 
  custom:audio-decoder-ogg-vorbis: bf7c407c2cedff20999df2af8eb42d56 -> 
  custom:audio-encoder-webm-vorbis: bf7c407c2cedff20999df2af8eb42d56 -> 
========================================================================
Received Prepare
Begin MonoManager ReloadAssembly
Symbol file LoadedFromMemory doesn't match image Z:\Tareas de Mariel\Programacion\GitHub_Projects\TW\Library\PackageCache\com.unity.visualscripting@1.8.0\Editor\VisualScripting.Core\Dependencies\YamlDotNet\Unity.VisualScripting.YamlDotNet.dll
Symbol file LoadedFromMemory is not a mono symbol file
Symbol file LoadedFromMemory is not a mono symbol file
Symbol file LoadedFromMemory doesn't match image Z:\Tareas de Mariel\Programacion\GitHub_Projects\TW\Library\PackageCache\com.unity.visualscripting@1.8.0\Editor\VisualScripting.Core\Dependencies\DotNetZip\Unity.VisualScripting.IonicZip.dll
Symbol file LoadedFromMemory is not a mono symbol file
Symbol file LoadedFromMemory is not a mono symbol file
- Loaded All Assemblies, in  1.387 seconds
Refreshing native plugins compatible for Editor in 28.31 ms, found 4 plugins.
Native extension for WindowsStandalone target not found
[Package Manager] Server::EnsureServerProcessIsRunning -- launch failed, reason: Unity was launched with the -noUpm command-line argument
[Package Manager] UpmClient::Send -- Unable to send message (not connected to UPM process).
[Package Manager] Cannot connect to Unity Package Manager local server
Mono: successfully reloaded assembly
- Finished resetting the current domain, in  1.698 seconds
Domain Reload Profiling: 3069ms
	BeginReloadAssembly (252ms)
		ExecutionOrderSort (0ms)
		DisableScriptedObjects (8ms)
		BackupInstance (0ms)
		ReleaseScriptingObjects (0ms)
		CreateAndSetChildDomain (60ms)
	RebuildCommonClasses (56ms)
	RebuildNativeTypeToScriptingClass (17ms)
	initialDomainReloadingComplete (83ms)
	LoadAllAssembliesAndSetupDomain (964ms)
		LoadAssemblies (568ms)
		RebuildTransferFunctionScriptingTraits (0ms)
		AnalyzeDomain (490ms)
			TypeCache.Refresh (479ms)
				TypeCache.ScanAssembly (463ms)
			ScanForSourceGeneratedMonoScriptInfo (0ms)
			ResolveRequiredComponents (11ms)
	FinalizeReload (1698ms)
		ReleaseScriptCaches (0ms)
		RebuildScriptCaches (0ms)
		SetupLoadedEditorAssemblies (686ms)
			LogAssemblyErrors (0ms)
			InitializePlatformSupportModulesInManaged (13ms)
			SetLoadedEditorAssemblies (6ms)
			RefreshPlugins (0ms)
			BeforeProcessingInitializeOnLoad (106ms)
			ProcessInitializeOnLoadAttributes (493ms)
			ProcessInitializeOnLoadMethodAttributes (35ms)
			AfterProcessingInitializeOnLoad (33ms)
			EditorAssembliesLoaded (0ms)
		ExecutionOrderSort2 (0ms)
		AwakeInstancesAfterBackupRestoration (10ms)
Refreshing native plugins compatible for Editor in 29.61 ms, found 4 plugins.
Preloading 0 native plugins for Editor in 0.00 ms.
Unloading 3164 Unused Serialized files (Serialized files now loaded: 0)
Unloading 52 unused Assets / (45.9 KB). Loaded Objects now: 3654.
Memory consumption went from 120.4 MB to 120.4 MB.
Total: 4.587100 ms (FindLiveObjects: 0.343600 ms CreateObjectMapping: 0.104100 ms MarkObjects: 4.021400 ms  DeleteObjects: 0.116500 ms)

Prepare: number of updated asset objects reloaded= 0
AssetImportParameters requested are different than current active one (requested -> active):
  custom:container-demuxer-ogg: 62fdf1f143b41e24485cea50d1cbac27 -> 
  custom:video-decoder-ogg-theora: a1e56fd34408186e4bbccfd4996cb3dc -> 
  custom:framework-win-MediaFoundation: 216162199b28c13a410421893ffa2e32 -> 
  custom:CustomObjectIndexerAttribute: 756ad292c208cfabdd7b50bc23989ffe -> 
  custom:container-demuxer-webm: 4f35f7cbe854078d1ac9338744f61a02 -> 
  custom:container-muxer-webm: aa71ff27fc2769a1b78a27578f13a17b -> 
  custom:video-decoder-webm-vp8: 9c59270c3fd7afecdb556c50c9e8de78 -> 
  custom:AudioImporter_EditorPlatform: d09bf68614088b80899f8185d706f6e7 -> 
  custom:video-encoder-webm-vp8: eb34c28f22e8b96e1ab97ce403110664 -> 
  custom:audio-decoder-ogg-vorbis: bf7c407c2cedff20999df2af8eb42d56 -> 
  custom:audio-encoder-webm-vorbis: bf7c407c2cedff20999df2af8eb42d56 -> 
========================================================================
Received Prepare
Begin MonoManager ReloadAssembly
Symbol file LoadedFromMemory doesn't match image Z:\Tareas de Mariel\Programacion\GitHub_Projects\TW\Library\PackageCache\com.unity.visualscripting@1.8.0\Editor\VisualScripting.Core\Dependencies\YamlDotNet\Unity.VisualScripting.YamlDotNet.dll
Symbol file LoadedFromMemory is not a mono symbol file
Symbol file LoadedFromMemory is not a mono symbol file
Symbol file LoadedFromMemory doesn't match image Z:\Tareas de Mariel\Programacion\GitHub_Projects\TW\Library\PackageCache\com.unity.visualscripting@1.8.0\Editor\VisualScripting.Core\Dependencies\DotNetZip\Unity.VisualScripting.IonicZip.dll
Symbol file LoadedFromMemory is not a mono symbol file
Symbol file LoadedFromMemory is not a mono symbol file
- Loaded All Assemblies, in  1.360 seconds
Refreshing native plugins compatible for Editor in 29.60 ms, found 4 plugins.
Native extension for WindowsStandalone target not found
[Package Manager] Server::EnsureServerProcessIsRunning -- launch failed, reason: Unity was launched with the -noUpm command-line argument
[Package Manager] UpmClient::Send -- Unable to send message (not connected to UPM process).
[Package Manager] Cannot connect to Unity Package Manager local server
Mono: successfully reloaded assembly
- Finished resetting the current domain, in  1.695 seconds
Domain Reload Profiling: 3039ms
	BeginReloadAssembly (246ms)
		ExecutionOrderSort (0ms)
		DisableScriptedObjects (9ms)
		BackupInstance (0ms)
		ReleaseScriptingObjects (0ms)
		CreateAndSetChildDomain (53ms)
	RebuildCommonClasses (58ms)
	RebuildNativeTypeToScriptingClass (18ms)
	initialDomainReloadingComplete (80ms)
	LoadAllAssembliesAndSetupDomain (941ms)
		LoadAssemblies (575ms)
		RebuildTransferFunctionScriptingTraits (0ms)
		AnalyzeDomain (459ms)
			TypeCache.Refresh (444ms)
				TypeCache.ScanAssembly (427ms)
			ScanForSourceGeneratedMonoScriptInfo (4ms)
			ResolveRequiredComponents (12ms)
	FinalizeReload (1696ms)
		ReleaseScriptCaches (0ms)
		RebuildScriptCaches (0ms)
		SetupLoadedEditorAssemblies (664ms)
			LogAssemblyErrors (0ms)
			InitializePlatformSupportModulesInManaged (10ms)
			SetLoadedEditorAssemblies (4ms)
			RefreshPlugins (0ms)
			BeforeProcessingInitializeOnLoad (106ms)
			ProcessInitializeOnLoadAttributes (483ms)
			ProcessInitializeOnLoadMethodAttributes (30ms)
			AfterProcessingInitializeOnLoad (31ms)
			EditorAssembliesLoaded (0ms)
		ExecutionOrderSort2 (0ms)
		AwakeInstancesAfterBackupRestoration (9ms)
Refreshing native plugins compatible for Editor in 30.72 ms, found 4 plugins.
Preloading 0 native plugins for Editor in 0.00 ms.
Unloading 3164 Unused Serialized files (Serialized files now loaded: 0)
Unloading 52 unused Assets / (46.0 KB). Loaded Objects now: 3657.
Memory consumption went from 120.4 MB to 120.4 MB.
Total: 4.459800 ms (FindLiveObjects: 0.365500 ms CreateObjectMapping: 0.118800 ms MarkObjects: 3.871300 ms  DeleteObjects: 0.102400 ms)

Prepare: number of updated asset objects reloaded= 0
AssetImportParameters requested are different than current active one (requested -> active):
  custom:container-demuxer-ogg: 62fdf1f143b41e24485cea50d1cbac27 -> 
  custom:video-decoder-ogg-theora: a1e56fd34408186e4bbccfd4996cb3dc -> 
  custom:framework-win-MediaFoundation: 216162199b28c13a410421893ffa2e32 -> 
  custom:CustomObjectIndexerAttribute: 756ad292c208cfabdd7b50bc23989ffe -> 
  custom:container-demuxer-webm: 4f35f7cbe854078d1ac9338744f61a02 -> 
  custom:container-muxer-webm: aa71ff27fc2769a1b78a27578f13a17b -> 
  custom:video-decoder-webm-vp8: 9c59270c3fd7afecdb556c50c9e8de78 -> 
  custom:AudioImporter_EditorPlatform: d09bf68614088b80899f8185d706f6e7 -> 
  custom:video-encoder-webm-vp8: eb34c28f22e8b96e1ab97ce403110664 -> 
  custom:audio-decoder-ogg-vorbis: bf7c407c2cedff20999df2af8eb42d56 -> 
  custom:audio-encoder-webm-vorbis: bf7c407c2cedff20999df2af8eb42d56 -> 
========================================================================
Received Prepare
Refreshing native plugins compatible for Editor in 35.09 ms, found 4 plugins.
Preloading 0 native plugins for Editor in 0.00 ms.
Unloading 1 Unused Serialized files (Serialized files now loaded: 0)
Unloading 1 unused Assets / (3.1 KB). Loaded Objects now: 3657.
Memory consumption went from 71.1 MB to 71.0 MB.
Total: 5.329900 ms (FindLiveObjects: 0.346000 ms CreateObjectMapping: 0.282200 ms MarkObjects: 4.617200 ms  DeleteObjects: 0.082400 ms)

Prepare: number of updated asset objects reloaded= 0
AssetImportParameters requested are different than current active one (requested -> active):
  custom:container-demuxer-ogg: 62fdf1f143b41e24485cea50d1cbac27 -> 
  custom:video-decoder-ogg-theora: a1e56fd34408186e4bbccfd4996cb3dc -> 
  custom:framework-win-MediaFoundation: 216162199b28c13a410421893ffa2e32 -> 
  custom:CustomObjectIndexerAttribute: 756ad292c208cfabdd7b50bc23989ffe -> 
  custom:container-demuxer-webm: 4f35f7cbe854078d1ac9338744f61a02 -> 
  custom:container-muxer-webm: aa71ff27fc2769a1b78a27578f13a17b -> 
  custom:video-decoder-webm-vp8: 9c59270c3fd7afecdb556c50c9e8de78 -> 
  custom:AudioImporter_EditorPlatform: d09bf68614088b80899f8185d706f6e7 -> 
  custom:video-encoder-webm-vp8: eb34c28f22e8b96e1ab97ce403110664 -> 
  custom:audio-decoder-ogg-vorbis: bf7c407c2cedff20999df2af8eb42d56 -> 
  custom:audio-encoder-webm-vorbis: bf7c407c2cedff20999df2af8eb42d56 -> 
========================================================================
Received Prepare
Begin MonoManager ReloadAssembly
Symbol file LoadedFromMemory doesn't match image Z:\Tareas de Mariel\Programacion\GitHub_Projects\TW\Library\PackageCache\com.unity.visualscripting@1.8.0\Editor\VisualScripting.Core\Dependencies\YamlDotNet\Unity.VisualScripting.YamlDotNet.dll
Symbol file LoadedFromMemory is not a mono symbol file
Symbol file LoadedFromMemory is not a mono symbol file
Symbol file LoadedFromMemory doesn't match image Z:\Tareas de Mariel\Programacion\GitHub_Projects\TW\Library\PackageCache\com.unity.visualscripting@1.8.0\Editor\VisualScripting.Core\Dependencies\DotNetZip\Unity.VisualScripting.IonicZip.dll
Symbol file LoadedFromMemory is not a mono symbol file
Symbol file LoadedFromMemory is not a mono symbol file
- Loaded All Assemblies, in  1.800 seconds
Refreshing native plugins compatible for Editor in 44.62 ms, found 4 plugins.
Native extension for WindowsStandalone target not found
[Package Manager] Server::EnsureServerProcessIsRunning -- launch failed, reason: Unity was launched with the -noUpm command-line argument
[Package Manager] UpmClient::Send -- Unable to send message (not connected to UPM process).
[Package Manager] Cannot connect to Unity Package Manager local server
Mono: successfully reloaded assembly
- Finished resetting the current domain, in  2.644 seconds
Domain Reload Profiling: 4425ms
	BeginReloadAssembly (297ms)
		ExecutionOrderSort (0ms)
		DisableScriptedObjects (11ms)
		BackupInstance (0ms)
		ReleaseScriptingObjects (0ms)
		CreateAndSetChildDomain (62ms)
	RebuildCommonClasses (70ms)
	RebuildNativeTypeToScriptingClass (18ms)
	initialDomainReloadingComplete (104ms)
	LoadAllAssembliesAndSetupDomain (1292ms)
		LoadAssemblies (735ms)
		RebuildTransferFunctionScriptingTraits (0ms)
		AnalyzeDomain (669ms)
			TypeCache.Refresh (654ms)
				TypeCache.ScanAssembly (625ms)
			ScanForSourceGeneratedMonoScriptInfo (0ms)
			ResolveRequiredComponents (14ms)
	FinalizeReload (2645ms)
		ReleaseScriptCaches (0ms)
		RebuildScriptCaches (0ms)
		SetupLoadedEditorAssemblies (1001ms)
			LogAssemblyErrors (0ms)
			InitializePlatformSupportModulesInManaged (17ms)
			SetLoadedEditorAssemblies (6ms)
			RefreshPlugins (0ms)
			BeforeProcessingInitializeOnLoad (144ms)
			ProcessInitializeOnLoadAttributes (727ms)
			ProcessInitializeOnLoadMethodAttributes (53ms)
			AfterProcessingInitializeOnLoad (53ms)
			EditorAssembliesLoaded (1ms)
		ExecutionOrderSort2 (0ms)
		AwakeInstancesAfterBackupRestoration (15ms)
Refreshing native plugins compatible for Editor in 47.67 ms, found 4 plugins.
Preloading 0 native plugins for Editor in 0.00 ms.
Unloading 3164 Unused Serialized files (Serialized files now loaded: 0)
Unloading 52 unused Assets / (45.8 KB). Loaded Objects now: 3660.
Memory consumption went from 120.4 MB to 120.4 MB.
Total: 7.041700 ms (FindLiveObjects: 0.712800 ms CreateObjectMapping: 0.367100 ms MarkObjects: 5.779800 ms  DeleteObjects: 0.179400 ms)

Prepare: number of updated asset objects reloaded= 0
AssetImportParameters requested are different than current active one (requested -> active):
  custom:container-demuxer-ogg: 62fdf1f143b41e24485cea50d1cbac27 -> 
  custom:video-decoder-ogg-theora: a1e56fd34408186e4bbccfd4996cb3dc -> 
  custom:framework-win-MediaFoundation: 216162199b28c13a410421893ffa2e32 -> 
  custom:CustomObjectIndexerAttribute: 756ad292c208cfabdd7b50bc23989ffe -> 
  custom:container-demuxer-webm: 4f35f7cbe854078d1ac9338744f61a02 -> 
  custom:container-muxer-webm: aa71ff27fc2769a1b78a27578f13a17b -> 
  custom:video-decoder-webm-vp8: 9c59270c3fd7afecdb556c50c9e8de78 -> 
  custom:AudioImporter_EditorPlatform: d09bf68614088b80899f8185d706f6e7 -> 
  custom:video-encoder-webm-vp8: eb34c28f22e8b96e1ab97ce403110664 -> 
  custom:audio-decoder-ogg-vorbis: bf7c407c2cedff20999df2af8eb42d56 -> 
  custom:audio-encoder-webm-vorbis: bf7c407c2cedff20999df2af8eb42d56 -> 
========================================================================
Received Prepare
Refreshing native plugins compatible for Editor in 27.75 ms, found 4 plugins.
Preloading 0 native plugins for Editor in 0.00 ms.
Unloading 1 Unused Serialized files (Serialized files now loaded: 0)
Unloading 1 unused Assets / (3.0 KB). Loaded Objects now: 3660.
Memory consumption went from 71.1 MB to 71.1 MB.
Total: 7.303100 ms (FindLiveObjects: 1.168200 ms CreateObjectMapping: 0.330400 ms MarkObjects: 5.778900 ms  DeleteObjects: 0.024200 ms)

Prepare: number of updated asset objects reloaded= 0
AssetImportParameters requested are different than current active one (requested -> active):
  custom:container-demuxer-ogg: 62fdf1f143b41e24485cea50d1cbac27 -> 
  custom:video-decoder-ogg-theora: a1e56fd34408186e4bbccfd4996cb3dc -> 
  custom:framework-win-MediaFoundation: 216162199b28c13a410421893ffa2e32 -> 
  custom:CustomObjectIndexerAttribute: 756ad292c208cfabdd7b50bc23989ffe -> 
  custom:container-demuxer-webm: 4f35f7cbe854078d1ac9338744f61a02 -> 
  custom:container-muxer-webm: aa71ff27fc2769a1b78a27578f13a17b -> 
  custom:video-decoder-webm-vp8: 9c59270c3fd7afecdb556c50c9e8de78 -> 
  custom:AudioImporter_EditorPlatform: d09bf68614088b80899f8185d706f6e7 -> 
  custom:video-encoder-webm-vp8: eb34c28f22e8b96e1ab97ce403110664 -> 
  custom:audio-decoder-ogg-vorbis: bf7c407c2cedff20999df2af8eb42d56 -> 
  custom:audio-encoder-webm-vorbis: bf7c407c2cedff20999df2af8eb42d56 -> 
========================================================================
Received Prepare
Begin MonoManager ReloadAssembly
Symbol file LoadedFromMemory doesn't match image Z:\Tareas de Mariel\Programacion\GitHub_Projects\TW\Library\PackageCache\com.unity.visualscripting@1.8.0\Editor\VisualScripting.Core\Dependencies\YamlDotNet\Unity.VisualScripting.YamlDotNet.dll
Symbol file LoadedFromMemory is not a mono symbol file
Symbol file LoadedFromMemory is not a mono symbol file
Symbol file LoadedFromMemory doesn't match image Z:\Tareas de Mariel\Programacion\GitHub_Projects\TW\Library\PackageCache\com.unity.visualscripting@1.8.0\Editor\VisualScripting.Core\Dependencies\DotNetZip\Unity.VisualScripting.IonicZip.dll
Symbol file LoadedFromMemory is not a mono symbol file
Symbol file LoadedFromMemory is not a mono symbol file
- Loaded All Assemblies, in  1.590 seconds
Refreshing native plugins compatible for Editor in 47.70 ms, found 4 plugins.
Native extension for WindowsStandalone target not found
[Package Manager] Server::EnsureServerProcessIsRunning -- launch failed, reason: Unity was launched with the -noUpm command-line argument
[Package Manager] UpmClient::Send -- Unable to send message (not connected to UPM process).
[Package Manager] Cannot connect to Unity Package Manager local server
Mono: successfully reloaded assembly
- Finished resetting the current domain, in  2.819 seconds
Domain Reload Profiling: 4393ms
	BeginReloadAssembly (289ms)
		ExecutionOrderSort (0ms)
		DisableScriptedObjects (9ms)
		BackupInstance (0ms)
		ReleaseScriptingObjects (0ms)
		CreateAndSetChildDomain (68ms)
	RebuildCommonClasses (67ms)
	RebuildNativeTypeToScriptingClass (20ms)
	initialDomainReloadingComplete (93ms)
	LoadAllAssembliesAndSetupDomain (1104ms)
		LoadAssemblies (659ms)
		RebuildTransferFunctionScriptingTraits (0ms)
		AnalyzeDomain (557ms)
			TypeCache.Refresh (545ms)
				TypeCache.ScanAssembly (520ms)
			ScanForSourceGeneratedMonoScriptInfo (0ms)
			ResolveRequiredComponents (12ms)
	FinalizeReload (2821ms)
		ReleaseScriptCaches (0ms)
		RebuildScriptCaches (0ms)
		SetupLoadedEditorAssemblies (1291ms)
			LogAssemblyErrors (0ms)
			InitializePlatformSupportModulesInManaged (21ms)
			SetLoadedEditorAssemblies (8ms)
			RefreshPlugins (0ms)
			BeforeProcessingInitializeOnLoad (173ms)
			ProcessInitializeOnLoadAttributes (965ms)
			ProcessInitializeOnLoadMethodAttributes (59ms)
			AfterProcessingInitializeOnLoad (64ms)
			EditorAssembliesLoaded (1ms)
		ExecutionOrderSort2 (0ms)
		AwakeInstancesAfterBackupRestoration (15ms)
Refreshing native plugins compatible for Editor in 46.04 ms, found 4 plugins.
Preloading 0 native plugins for Editor in 0.00 ms.
Unloading 3164 Unused Serialized files (Serialized files now loaded: 0)
Unloading 52 unused Assets / (45.8 KB). Loaded Objects now: 3663.
Memory consumption went from 120.4 MB to 120.4 MB.
Total: 6.380000 ms (FindLiveObjects: 0.621400 ms CreateObjectMapping: 0.210700 ms MarkObjects: 5.386300 ms  DeleteObjects: 0.159700 ms)

Prepare: number of updated asset objects reloaded= 0
AssetImportParameters requested are different than current active one (requested -> active):
  custom:container-demuxer-ogg: 62fdf1f143b41e24485cea50d1cbac27 -> 
  custom:video-decoder-ogg-theora: a1e56fd34408186e4bbccfd4996cb3dc -> 
  custom:framework-win-MediaFoundation: 216162199b28c13a410421893ffa2e32 -> 
  custom:CustomObjectIndexerAttribute: 756ad292c208cfabdd7b50bc23989ffe -> 
  custom:container-demuxer-webm: 4f35f7cbe854078d1ac9338744f61a02 -> 
  custom:container-muxer-webm: aa71ff27fc2769a1b78a27578f13a17b -> 
  custom:video-decoder-webm-vp8: 9c59270c3fd7afecdb556c50c9e8de78 -> 
  custom:AudioImporter_EditorPlatform: d09bf68614088b80899f8185d706f6e7 -> 
  custom:video-encoder-webm-vp8: eb34c28f22e8b96e1ab97ce403110664 -> 
  custom:audio-decoder-ogg-vorbis: bf7c407c2cedff20999df2af8eb42d56 -> 
  custom:audio-encoder-webm-vorbis: bf7c407c2cedff20999df2af8eb42d56 -> 
========================================================================
Received Prepare
Begin MonoManager ReloadAssembly
Symbol file LoadedFromMemory doesn't match image Z:\Tareas de Mariel\Programacion\GitHub_Projects\TW\Library\PackageCache\com.unity.visualscripting@1.8.0\Editor\VisualScripting.Core\Dependencies\YamlDotNet\Unity.VisualScripting.YamlDotNet.dll
Symbol file LoadedFromMemory is not a mono symbol file
Symbol file LoadedFromMemory is not a mono symbol file
Symbol file LoadedFromMemory doesn't match image Z:\Tareas de Mariel\Programacion\GitHub_Projects\TW\Library\PackageCache\com.unity.visualscripting@1.8.0\Editor\VisualScripting.Core\Dependencies\DotNetZip\Unity.VisualScripting.IonicZip.dll
Symbol file LoadedFromMemory is not a mono symbol file
Symbol file LoadedFromMemory is not a mono symbol file
- Loaded All Assemblies, in  1.959 seconds
Refreshing native plugins compatible for Editor in 60.74 ms, found 4 plugins.
Native extension for WindowsStandalone target not found
[Package Manager] Server::EnsureServerProcessIsRunning -- launch failed, reason: Unity was launched with the -noUpm command-line argument
[Package Manager] UpmClient::Send -- Unable to send message (not connected to UPM process).
[Package Manager] Cannot connect to Unity Package Manager local server
Mono: successfully reloaded assembly
- Finished resetting the current domain, in  2.128 seconds
Domain Reload Profiling: 4064ms
	BeginReloadAssembly (332ms)
		ExecutionOrderSort (0ms)
		DisableScriptedObjects (14ms)
		BackupInstance (0ms)
		ReleaseScriptingObjects (0ms)
		CreateAndSetChildDomain (81ms)
	RebuildCommonClasses (95ms)
	RebuildNativeTypeToScriptingClass (23ms)
	initialDomainReloadingComplete (110ms)
	LoadAllAssembliesAndSetupDomain (1375ms)
		LoadAssemblies (760ms)
		RebuildTransferFunctionScriptingTraits (0ms)
		AnalyzeDomain (749ms)
			TypeCache.Refresh (719ms)
				TypeCache.ScanAssembly (689ms)
			ScanForSourceGeneratedMonoScriptInfo (12ms)
			ResolveRequiredComponents (18ms)
	FinalizeReload (2129ms)
		ReleaseScriptCaches (0ms)
		RebuildScriptCaches (0ms)
		SetupLoadedEditorAssemblies (828ms)
			LogAssemblyErrors (0ms)
			InitializePlatformSupportModulesInManaged (14ms)
			SetLoadedEditorAssemblies (4ms)
			RefreshPlugins (0ms)
			BeforeProcessingInitializeOnLoad (128ms)
			ProcessInitializeOnLoadAttributes (607ms)
			ProcessInitializeOnLoadMethodAttributes (40ms)
			AfterProcessingInitializeOnLoad (34ms)
			EditorAssembliesLoaded (0ms)
		ExecutionOrderSort2 (0ms)
		AwakeInstancesAfterBackupRestoration (13ms)
Refreshing native plugins compatible for Editor in 38.13 ms, found 4 plugins.
Preloading 0 native plugins for Editor in 0.00 ms.
Unloading 3164 Unused Serialized files (Serialized files now loaded: 0)
Unloading 52 unused Assets / (45.9 KB). Loaded Objects now: 3666.
Memory consumption went from 120.4 MB to 120.4 MB.
Total: 4.072100 ms (FindLiveObjects: 0.339900 ms CreateObjectMapping: 0.104700 ms MarkObjects: 3.523100 ms  DeleteObjects: 0.103000 ms)

Prepare: number of updated asset objects reloaded= 0
AssetImportParameters requested are different than current active one (requested -> active):
  custom:container-demuxer-ogg: 62fdf1f143b41e24485cea50d1cbac27 -> 
  custom:video-decoder-ogg-theora: a1e56fd34408186e4bbccfd4996cb3dc -> 
  custom:framework-win-MediaFoundation: 216162199b28c13a410421893ffa2e32 -> 
  custom:CustomObjectIndexerAttribute: 756ad292c208cfabdd7b50bc23989ffe -> 
  custom:container-demuxer-webm: 4f35f7cbe854078d1ac9338744f61a02 -> 
  custom:container-muxer-webm: aa71ff27fc2769a1b78a27578f13a17b -> 
  custom:video-decoder-webm-vp8: 9c59270c3fd7afecdb556c50c9e8de78 -> 
  custom:AudioImporter_EditorPlatform: d09bf68614088b80899f8185d706f6e7 -> 
  custom:video-encoder-webm-vp8: eb34c28f22e8b96e1ab97ce403110664 -> 
  custom:audio-decoder-ogg-vorbis: bf7c407c2cedff20999df2af8eb42d56 -> 
  custom:audio-encoder-webm-vorbis: bf7c407c2cedff20999df2af8eb42d56 -> 
========================================================================
Received Prepare
Refreshing native plugins compatible for Editor in 43.84 ms, found 4 plugins.
Preloading 0 native plugins for Editor in 0.00 ms.
Unloading 1 Unused Serialized files (Serialized files now loaded: 0)
Unloading 1 unused Assets / (3.0 KB). Loaded Objects now: 3666.
Memory consumption went from 71.1 MB to 71.1 MB.
Total: 4.288200 ms (FindLiveObjects: 0.392700 ms CreateObjectMapping: 0.415700 ms MarkObjects: 3.453500 ms  DeleteObjects: 0.025100 ms)

Prepare: number of updated asset objects reloaded= 0
AssetImportParameters requested are different than current active one (requested -> active):
  custom:container-demuxer-ogg: 62fdf1f143b41e24485cea50d1cbac27 -> 
  custom:video-decoder-ogg-theora: a1e56fd34408186e4bbccfd4996cb3dc -> 
  custom:framework-win-MediaFoundation: 216162199b28c13a410421893ffa2e32 -> 
  custom:CustomObjectIndexerAttribute: 756ad292c208cfabdd7b50bc23989ffe -> 
  custom:container-demuxer-webm: 4f35f7cbe854078d1ac9338744f61a02 -> 
  custom:container-muxer-webm: aa71ff27fc2769a1b78a27578f13a17b -> 
  custom:video-decoder-webm-vp8: 9c59270c3fd7afecdb556c50c9e8de78 -> 
  custom:AudioImporter_EditorPlatform: d09bf68614088b80899f8185d706f6e7 -> 
  custom:video-encoder-webm-vp8: eb34c28f22e8b96e1ab97ce403110664 -> 
  custom:audio-decoder-ogg-vorbis: bf7c407c2cedff20999df2af8eb42d56 -> 
  custom:audio-encoder-webm-vorbis: bf7c407c2cedff20999df2af8eb42d56 -> 
========================================================================
Received Prepare
Begin MonoManager ReloadAssembly
Symbol file LoadedFromMemory doesn't match image Z:\Tareas de Mariel\Programacion\GitHub_Projects\TW\Library\PackageCache\com.unity.visualscripting@1.8.0\Editor\VisualScripting.Core\Dependencies\YamlDotNet\Unity.VisualScripting.YamlDotNet.dll
Symbol file LoadedFromMemory is not a mono symbol file
Symbol file LoadedFromMemory is not a mono symbol file
Symbol file LoadedFromMemory doesn't match image Z:\Tareas de Mariel\Programacion\GitHub_Projects\TW\Library\PackageCache\com.unity.visualscripting@1.8.0\Editor\VisualScripting.Core\Dependencies\DotNetZip\Unity.VisualScripting.IonicZip.dll
Symbol file LoadedFromMemory is not a mono symbol file
Symbol file LoadedFromMemory is not a mono symbol file
- Loaded All Assemblies, in  2.490 seconds
Refreshing native plugins compatible for Editor in 54.74 ms, found 4 plugins.
Native extension for WindowsStandalone target not found
[Package Manager] Server::EnsureServerProcessIsRunning -- launch failed, reason: Unity was launched with the -noUpm command-line argument
[Package Manager] UpmClient::Send -- Unable to send message (not connected to UPM process).
[Package Manager] Cannot connect to Unity Package Manager local server
Mono: successfully reloaded assembly
- Finished resetting the current domain, in  4.003 seconds
Domain Reload Profiling: 6451ms
	BeginReloadAssembly (497ms)
		ExecutionOrderSort (0ms)
		DisableScriptedObjects (16ms)
		BackupInstance (0ms)
		ReleaseScriptingObjects (0ms)
		CreateAndSetChildDomain (108ms)
	RebuildCommonClasses (94ms)
	RebuildNativeTypeToScriptingClass (38ms)
	initialDomainReloadingComplete (169ms)
	LoadAllAssembliesAndSetupDomain (1648ms)
		LoadAssemblies (1016ms)
		RebuildTransferFunctionScriptingTraits (0ms)
		AnalyzeDomain (828ms)
			TypeCache.Refresh (812ms)
				TypeCache.ScanAssembly (782ms)
			ScanForSourceGeneratedMonoScriptInfo (0ms)
			ResolveRequiredComponents (16ms)
	FinalizeReload (4005ms)
		ReleaseScriptCaches (0ms)
		RebuildScriptCaches (0ms)
		SetupLoadedEditorAssemblies (1643ms)
			LogAssemblyErrors (0ms)
			InitializePlatformSupportModulesInManaged (22ms)
			SetLoadedEditorAssemblies (13ms)
			RefreshPlugins (0ms)
			BeforeProcessingInitializeOnLoad (225ms)
			ProcessInitializeOnLoadAttributes (1216ms)
			ProcessInitializeOnLoadMethodAttributes (85ms)
			AfterProcessingInitializeOnLoad (83ms)
			EditorAssembliesLoaded (0ms)
		ExecutionOrderSort2 (0ms)
		AwakeInstancesAfterBackupRestoration (26ms)
Refreshing native plugins compatible for Editor in 52.48 ms, found 4 plugins.
Preloading 0 native plugins for Editor in 0.00 ms.
Unloading 3164 Unused Serialized files (Serialized files now loaded: 0)
Unloading 52 unused Assets / (45.8 KB). Loaded Objects now: 3669.
Memory consumption went from 120.4 MB to 120.4 MB.
Total: 16.084700 ms (FindLiveObjects: 8.499700 ms CreateObjectMapping: 0.755000 ms MarkObjects: 6.656100 ms  DeleteObjects: 0.171500 ms)

Prepare: number of updated asset objects reloaded= 0
AssetImportParameters requested are different than current active one (requested -> active):
  custom:container-demuxer-ogg: 62fdf1f143b41e24485cea50d1cbac27 -> 
  custom:video-decoder-ogg-theora: a1e56fd34408186e4bbccfd4996cb3dc -> 
  custom:framework-win-MediaFoundation: 216162199b28c13a410421893ffa2e32 -> 
  custom:CustomObjectIndexerAttribute: 756ad292c208cfabdd7b50bc23989ffe -> 
  custom:container-demuxer-webm: 4f35f7cbe854078d1ac9338744f61a02 -> 
  custom:container-muxer-webm: aa71ff27fc2769a1b78a27578f13a17b -> 
  custom:video-decoder-webm-vp8: 9c59270c3fd7afecdb556c50c9e8de78 -> 
  custom:AudioImporter_EditorPlatform: d09bf68614088b80899f8185d706f6e7 -> 
  custom:video-encoder-webm-vp8: eb34c28f22e8b96e1ab97ce403110664 -> 
  custom:audio-decoder-ogg-vorbis: bf7c407c2cedff20999df2af8eb42d56 -> 
  custom:audio-encoder-webm-vorbis: bf7c407c2cedff20999df2af8eb42d56 -> 
========================================================================
Received Prepare
Begin MonoManager ReloadAssembly
Symbol file LoadedFromMemory doesn't match image Z:\Tareas de Mariel\Programacion\GitHub_Projects\TW\Library\PackageCache\com.unity.visualscripting@1.8.0\Editor\VisualScripting.Core\Dependencies\YamlDotNet\Unity.VisualScripting.YamlDotNet.dll
Symbol file LoadedFromMemory is not a mono symbol file
Symbol file LoadedFromMemory is not a mono symbol file
Symbol file LoadedFromMemory doesn't match image Z:\Tareas de Mariel\Programacion\GitHub_Projects\TW\Library\PackageCache\com.unity.visualscripting@1.8.0\Editor\VisualScripting.Core\Dependencies\DotNetZip\Unity.VisualScripting.IonicZip.dll
Symbol file LoadedFromMemory is not a mono symbol file
Symbol file LoadedFromMemory is not a mono symbol file
- Loaded All Assemblies, in  1.544 seconds
Refreshing native plugins compatible for Editor in 29.90 ms, found 4 plugins.
Native extension for WindowsStandalone target not found
[Package Manager] Server::EnsureServerProcessIsRunning -- launch failed, reason: Unity was launched with the -noUpm command-line argument
[Package Manager] UpmClient::Send -- Unable to send message (not connected to UPM process).
[Package Manager] Cannot connect to Unity Package Manager local server
Mono: successfully reloaded assembly
- Finished resetting the current domain, in  1.778 seconds
Domain Reload Profiling: 3307ms
	BeginReloadAssembly (326ms)
		ExecutionOrderSort (0ms)
		DisableScriptedObjects (11ms)
		BackupInstance (0ms)
		ReleaseScriptingObjects (0ms)
		CreateAndSetChildDomain (85ms)
	RebuildCommonClasses (65ms)
	RebuildNativeTypeToScriptingClass (14ms)
	initialDomainReloadingComplete (97ms)
	LoadAllAssembliesAndSetupDomain (1027ms)
		LoadAssemblies (721ms)
		RebuildTransferFunctionScriptingTraits (0ms)
		AnalyzeDomain (425ms)
			TypeCache.Refresh (416ms)
				TypeCache.ScanAssembly (394ms)
			ScanForSourceGeneratedMonoScriptInfo (0ms)
			ResolveRequiredComponents (9ms)
	FinalizeReload (1779ms)
		ReleaseScriptCaches (0ms)
		RebuildScriptCaches (0ms)
		SetupLoadedEditorAssemblies (698ms)
			LogAssemblyErrors (0ms)
			InitializePlatformSupportModulesInManaged (11ms)
			SetLoadedEditorAssemblies (5ms)
			RefreshPlugins (0ms)
			BeforeProcessingInitializeOnLoad (110ms)
			ProcessInitializeOnLoadAttributes (512ms)
			ProcessInitializeOnLoadMethodAttributes (31ms)
			AfterProcessingInitializeOnLoad (29ms)
			EditorAssembliesLoaded (0ms)
		ExecutionOrderSort2 (0ms)
		AwakeInstancesAfterBackupRestoration (8ms)
Refreshing native plugins compatible for Editor in 28.43 ms, found 4 plugins.
Preloading 0 native plugins for Editor in 0.00 ms.
Unloading 3164 Unused Serialized files (Serialized files now loaded: 0)
Unloading 52 unused Assets / (45.8 KB). Loaded Objects now: 3672.
Memory consumption went from 120.4 MB to 120.4 MB.
Total: 4.611800 ms (FindLiveObjects: 0.327000 ms CreateObjectMapping: 0.104200 ms MarkObjects: 4.077800 ms  DeleteObjects: 0.101500 ms)

Prepare: number of updated asset objects reloaded= 0
AssetImportParameters requested are different than current active one (requested -> active):
  custom:container-demuxer-ogg: 62fdf1f143b41e24485cea50d1cbac27 -> 
  custom:video-decoder-ogg-theora: a1e56fd34408186e4bbccfd4996cb3dc -> 
  custom:framework-win-MediaFoundation: 216162199b28c13a410421893ffa2e32 -> 
  custom:CustomObjectIndexerAttribute: 756ad292c208cfabdd7b50bc23989ffe -> 
  custom:container-demuxer-webm: 4f35f7cbe854078d1ac9338744f61a02 -> 
  custom:container-muxer-webm: aa71ff27fc2769a1b78a27578f13a17b -> 
  custom:video-decoder-webm-vp8: 9c59270c3fd7afecdb556c50c9e8de78 -> 
  custom:AudioImporter_EditorPlatform: d09bf68614088b80899f8185d706f6e7 -> 
  custom:video-encoder-webm-vp8: eb34c28f22e8b96e1ab97ce403110664 -> 
  custom:audio-decoder-ogg-vorbis: bf7c407c2cedff20999df2af8eb42d56 -> 
  custom:audio-encoder-webm-vorbis: bf7c407c2cedff20999df2af8eb42d56 -> 
========================================================================
Received Prepare
Begin MonoManager ReloadAssembly
Symbol file LoadedFromMemory doesn't match image Z:\Tareas de Mariel\Programacion\GitHub_Projects\TW\Library\PackageCache\com.unity.visualscripting@1.8.0\Editor\VisualScripting.Core\Dependencies\YamlDotNet\Unity.VisualScripting.YamlDotNet.dll
Symbol file LoadedFromMemory is not a mono symbol file
Symbol file LoadedFromMemory is not a mono symbol file
Symbol file LoadedFromMemory doesn't match image Z:\Tareas de Mariel\Programacion\GitHub_Projects\TW\Library\PackageCache\com.unity.visualscripting@1.8.0\Editor\VisualScripting.Core\Dependencies\DotNetZip\Unity.VisualScripting.IonicZip.dll
Symbol file LoadedFromMemory is not a mono symbol file
Symbol file LoadedFromMemory is not a mono symbol file
- Loaded All Assemblies, in  1.566 seconds
Refreshing native plugins compatible for Editor in 29.80 ms, found 4 plugins.
Native extension for WindowsStandalone target not found
[Package Manager] Server::EnsureServerProcessIsRunning -- launch failed, reason: Unity was launched with the -noUpm command-line argument
[Package Manager] UpmClient::Send -- Unable to send message (not connected to UPM process).
[Package Manager] Cannot connect to Unity Package Manager local server
Mono: successfully reloaded assembly
- Finished resetting the current domain, in  1.678 seconds
Domain Reload Profiling: 3229ms
	BeginReloadAssembly (265ms)
		ExecutionOrderSort (0ms)
		DisableScriptedObjects (10ms)
		BackupInstance (0ms)
		ReleaseScriptingObjects (0ms)
		CreateAndSetChildDomain (56ms)
	RebuildCommonClasses (55ms)
	RebuildNativeTypeToScriptingClass (17ms)
	initialDomainReloadingComplete (83ms)
	LoadAllAssembliesAndSetupDomain (1130ms)
		LoadAssemblies (607ms)
		RebuildTransferFunctionScriptingTraits (0ms)
		AnalyzeDomain (612ms)
			TypeCache.Refresh (597ms)
				TypeCache.ScanAssembly (578ms)
			ScanForSourceGeneratedMonoScriptInfo (5ms)
			ResolveRequiredComponents (10ms)
	FinalizeReload (1679ms)
		ReleaseScriptCaches (0ms)
		RebuildScriptCaches (0ms)
		SetupLoadedEditorAssemblies (677ms)
			LogAssemblyErrors (0ms)
			InitializePlatformSupportModulesInManaged (9ms)
			SetLoadedEditorAssemblies (4ms)
			RefreshPlugins (0ms)
			BeforeProcessingInitializeOnLoad (99ms)
			ProcessInitializeOnLoadAttributes (498ms)
			ProcessInitializeOnLoadMethodAttributes (37ms)
			AfterProcessingInitializeOnLoad (30ms)
			EditorAssembliesLoaded (1ms)
		ExecutionOrderSort2 (0ms)
		AwakeInstancesAfterBackupRestoration (13ms)
Refreshing native plugins compatible for Editor in 27.40 ms, found 4 plugins.
Preloading 0 native plugins for Editor in 0.00 ms.
Unloading 3164 Unused Serialized files (Serialized files now loaded: 0)
Unloading 52 unused Assets / (45.8 KB). Loaded Objects now: 3675.
Memory consumption went from 120.4 MB to 120.4 MB.
Total: 4.100400 ms (FindLiveObjects: 0.347000 ms CreateObjectMapping: 0.104200 ms MarkObjects: 3.551700 ms  DeleteObjects: 0.095900 ms)

Prepare: number of updated asset objects reloaded= 0
AssetImportParameters requested are different than current active one (requested -> active):
  custom:container-demuxer-ogg: 62fdf1f143b41e24485cea50d1cbac27 -> 
  custom:video-decoder-ogg-theora: a1e56fd34408186e4bbccfd4996cb3dc -> 
  custom:framework-win-MediaFoundation: 216162199b28c13a410421893ffa2e32 -> 
  custom:CustomObjectIndexerAttribute: 756ad292c208cfabdd7b50bc23989ffe -> 
  custom:container-demuxer-webm: 4f35f7cbe854078d1ac9338744f61a02 -> 
  custom:container-muxer-webm: aa71ff27fc2769a1b78a27578f13a17b -> 
  custom:video-decoder-webm-vp8: 9c59270c3fd7afecdb556c50c9e8de78 -> 
  custom:AudioImporter_EditorPlatform: d09bf68614088b80899f8185d706f6e7 -> 
  custom:video-encoder-webm-vp8: eb34c28f22e8b96e1ab97ce403110664 -> 
  custom:audio-decoder-ogg-vorbis: bf7c407c2cedff20999df2af8eb42d56 -> 
  custom:audio-encoder-webm-vorbis: bf7c407c2cedff20999df2af8eb42d56 -> 
========================================================================
Received Prepare
Begin MonoManager ReloadAssembly
Symbol file LoadedFromMemory doesn't match image Z:\Tareas de Mariel\Programacion\GitHub_Projects\TW\Library\PackageCache\com.unity.visualscripting@1.8.0\Editor\VisualScripting.Core\Dependencies\YamlDotNet\Unity.VisualScripting.YamlDotNet.dll
Symbol file LoadedFromMemory is not a mono symbol file
Symbol file LoadedFromMemory is not a mono symbol file
Symbol file LoadedFromMemory doesn't match image Z:\Tareas de Mariel\Programacion\GitHub_Projects\TW\Library\PackageCache\com.unity.visualscripting@1.8.0\Editor\VisualScripting.Core\Dependencies\DotNetZip\Unity.VisualScripting.IonicZip.dll
Symbol file LoadedFromMemory is not a mono symbol file
Symbol file LoadedFromMemory is not a mono symbol file
- Loaded All Assemblies, in  1.578 seconds
Refreshing native plugins compatible for Editor in 35.29 ms, found 4 plugins.
Native extension for WindowsStandalone target not found
[Package Manager] Server::EnsureServerProcessIsRunning -- launch failed, reason: Unity was launched with the -noUpm command-line argument
[Package Manager] UpmClient::Send -- Unable to send message (not connected to UPM process).
[Package Manager] Cannot connect to Unity Package Manager local server
Mono: successfully reloaded assembly
- Finished resetting the current domain, in  2.012 seconds
Domain Reload Profiling: 3570ms
	BeginReloadAssembly (276ms)
		ExecutionOrderSort (0ms)
		DisableScriptedObjects (11ms)
		BackupInstance (0ms)
		ReleaseScriptingObjects (0ms)
		CreateAndSetChildDomain (68ms)
	RebuildCommonClasses (54ms)
	RebuildNativeTypeToScriptingClass (19ms)
	initialDomainReloadingComplete (95ms)
	LoadAllAssembliesAndSetupDomain (1113ms)
		LoadAssemblies (686ms)
		RebuildTransferFunctionScriptingTraits (0ms)
		AnalyzeDomain (525ms)
			TypeCache.Refresh (509ms)
				TypeCache.ScanAssembly (490ms)
			ScanForSourceGeneratedMonoScriptInfo (6ms)
			ResolveRequiredComponents (11ms)
	FinalizeReload (2013ms)
		ReleaseScriptCaches (0ms)
		RebuildScriptCaches (0ms)
		SetupLoadedEditorAssemblies (823ms)
			LogAssemblyErrors (0ms)
			InitializePlatformSupportModulesInManaged (13ms)
			SetLoadedEditorAssemblies (8ms)
			RefreshPlugins (0ms)
			BeforeProcessingInitializeOnLoad (131ms)
			ProcessInitializeOnLoadAttributes (599ms)
			ProcessInitializeOnLoadMethodAttributes (41ms)
			AfterProcessingInitializeOnLoad (31ms)
			EditorAssembliesLoaded (0ms)
		ExecutionOrderSort2 (0ms)
		AwakeInstancesAfterBackupRestoration (12ms)
Refreshing native plugins compatible for Editor in 37.39 ms, found 4 plugins.
Preloading 0 native plugins for Editor in 0.00 ms.
Unloading 3164 Unused Serialized files (Serialized files now loaded: 0)
Unloading 52 unused Assets / (45.8 KB). Loaded Objects now: 3678.
Memory consumption went from 120.4 MB to 120.4 MB.
Total: 6.195900 ms (FindLiveObjects: 0.442700 ms CreateObjectMapping: 0.536100 ms MarkObjects: 5.077400 ms  DeleteObjects: 0.138500 ms)

Prepare: number of updated asset objects reloaded= 0
AssetImportParameters requested are different than current active one (requested -> active):
  custom:container-demuxer-ogg: 62fdf1f143b41e24485cea50d1cbac27 -> 
  custom:video-decoder-ogg-theora: a1e56fd34408186e4bbccfd4996cb3dc -> 
  custom:framework-win-MediaFoundation: 216162199b28c13a410421893ffa2e32 -> 
  custom:CustomObjectIndexerAttribute: 756ad292c208cfabdd7b50bc23989ffe -> 
  custom:container-demuxer-webm: 4f35f7cbe854078d1ac9338744f61a02 -> 
  custom:container-muxer-webm: aa71ff27fc2769a1b78a27578f13a17b -> 
  custom:video-decoder-webm-vp8: 9c59270c3fd7afecdb556c50c9e8de78 -> 
  custom:AudioImporter_EditorPlatform: d09bf68614088b80899f8185d706f6e7 -> 
  custom:video-encoder-webm-vp8: eb34c28f22e8b96e1ab97ce403110664 -> 
  custom:audio-decoder-ogg-vorbis: bf7c407c2cedff20999df2af8eb42d56 -> 
  custom:audio-encoder-webm-vorbis: bf7c407c2cedff20999df2af8eb42d56 -> 
========================================================================
Received Prepare
Refreshing native plugins compatible for Editor in 52.26 ms, found 4 plugins.
Preloading 0 native plugins for Editor in 0.00 ms.
Unloading 1 Unused Serialized files (Serialized files now loaded: 0)
Unloading 1 unused Assets / (3.0 KB). Loaded Objects now: 3678.
Memory consumption went from 71.1 MB to 71.1 MB.
Total: 4.747800 ms (FindLiveObjects: 0.412200 ms CreateObjectMapping: 0.519800 ms MarkObjects: 3.788600 ms  DeleteObjects: 0.025700 ms)

Prepare: number of updated asset objects reloaded= 0
AssetImportParameters requested are different than current active one (requested -> active):
  custom:container-demuxer-ogg: 62fdf1f143b41e24485cea50d1cbac27 -> 
  custom:video-decoder-ogg-theora: a1e56fd34408186e4bbccfd4996cb3dc -> 
  custom:framework-win-MediaFoundation: 216162199b28c13a410421893ffa2e32 -> 
  custom:CustomObjectIndexerAttribute: 756ad292c208cfabdd7b50bc23989ffe -> 
  custom:container-demuxer-webm: 4f35f7cbe854078d1ac9338744f61a02 -> 
  custom:FusionILWeaverTriggerImporter/ConfigHash: b0b173a93bb19085723cb3d421b3a13b -> 
  custom:container-muxer-webm: aa71ff27fc2769a1b78a27578f13a17b -> 
  custom:video-decoder-webm-vp8: 9c59270c3fd7afecdb556c50c9e8de78 -> 
  custom:AudioImporter_EditorPlatform: d09bf68614088b80899f8185d706f6e7 -> 
  custom:video-encoder-webm-vp8: eb34c28f22e8b96e1ab97ce403110664 -> 
  custom:audio-decoder-ogg-vorbis: bf7c407c2cedff20999df2af8eb42d56 -> 
  custom:Fusion.ScriptOrderDependency: 55ac1e3551dde8e220c3b2c8c3ef1b03 -> 
  custom:audio-encoder-webm-vorbis: bf7c407c2cedff20999df2af8eb42d56 -> 
========================================================================
Received Prepare
Begin MonoManager ReloadAssembly
Symbol file LoadedFromMemory doesn't match image Z:\Tareas de Mariel\Programacion\GitHub_Projects\TW\Library\PackageCache\com.unity.visualscripting@1.8.0\Editor\VisualScripting.Core\Dependencies\YamlDotNet\Unity.VisualScripting.YamlDotNet.dll
Symbol file LoadedFromMemory is not a mono symbol file
Symbol file LoadedFromMemory is not a mono symbol file
Symbol file LoadedFromMemory doesn't match image Z:\Tareas de Mariel\Programacion\GitHub_Projects\TW\Library\PackageCache\com.unity.visualscripting@1.8.0\Editor\VisualScripting.Core\Dependencies\DotNetZip\Unity.VisualScripting.IonicZip.dll
Symbol file LoadedFromMemory is not a mono symbol file
Symbol file LoadedFromMemory is not a mono symbol file
- Loaded All Assemblies, in  1.414 seconds
Refreshing native plugins compatible for Editor in 30.06 ms, found 4 plugins.
Native extension for WindowsStandalone target not found
[Package Manager] Server::EnsureServerProcessIsRunning -- launch failed, reason: Unity was launched with the -noUpm command-line argument
[Package Manager] UpmClient::Send -- Unable to send message (not connected to UPM process).
[Package Manager] Cannot connect to Unity Package Manager local server
Mono: successfully reloaded assembly
- Finished resetting the current domain, in  1.720 seconds
Domain Reload Profiling: 3119ms
	BeginReloadAssembly (278ms)
		ExecutionOrderSort (0ms)
		DisableScriptedObjects (14ms)
		BackupInstance (0ms)
		ReleaseScriptingObjects (0ms)
		CreateAndSetChildDomain (59ms)
	RebuildCommonClasses (66ms)
	RebuildNativeTypeToScriptingClass (18ms)
	initialDomainReloadingComplete (96ms)
	LoadAllAssembliesAndSetupDomain (939ms)
		LoadAssemblies (617ms)
		RebuildTransferFunctionScriptingTraits (0ms)
		AnalyzeDomain (431ms)
			TypeCache.Refresh (421ms)
				TypeCache.ScanAssembly (403ms)
			ScanForSourceGeneratedMonoScriptInfo (0ms)
			ResolveRequiredComponents (11ms)
	FinalizeReload (1721ms)
		ReleaseScriptCaches (0ms)
		RebuildScriptCaches (0ms)
		SetupLoadedEditorAssemblies (687ms)
			LogAssemblyErrors (0ms)
			InitializePlatformSupportModulesInManaged (11ms)
			SetLoadedEditorAssemblies (4ms)
			RefreshPlugins (0ms)
			BeforeProcessingInitializeOnLoad (102ms)
			ProcessInitializeOnLoadAttributes (504ms)
			ProcessInitializeOnLoadMethodAttributes (35ms)
			AfterProcessingInitializeOnLoad (30ms)
			EditorAssembliesLoaded (0ms)
		ExecutionOrderSort2 (0ms)
		AwakeInstancesAfterBackupRestoration (8ms)
Refreshing native plugins compatible for Editor in 30.14 ms, found 4 plugins.
Preloading 0 native plugins for Editor in 0.00 ms.
Unloading 3164 Unused Serialized files (Serialized files now loaded: 0)
Unloading 52 unused Assets / (45.8 KB). Loaded Objects now: 3681.
Memory consumption went from 120.4 MB to 120.4 MB.
Total: 3.812100 ms (FindLiveObjects: 0.353700 ms CreateObjectMapping: 0.107700 ms MarkObjects: 3.242100 ms  DeleteObjects: 0.107400 ms)

Prepare: number of updated asset objects reloaded= 0
AssetImportParameters requested are different than current active one (requested -> active):
  custom:container-demuxer-ogg: 62fdf1f143b41e24485cea50d1cbac27 -> 
  custom:video-decoder-ogg-theora: a1e56fd34408186e4bbccfd4996cb3dc -> 
  custom:framework-win-MediaFoundation: 216162199b28c13a410421893ffa2e32 -> 
  custom:CustomObjectIndexerAttribute: 756ad292c208cfabdd7b50bc23989ffe -> 
  custom:container-demuxer-webm: 4f35f7cbe854078d1ac9338744f61a02 -> 
  custom:FusionILWeaverTriggerImporter/ConfigHash: b0b173a93bb19085723cb3d421b3a13b -> 
  custom:container-muxer-webm: aa71ff27fc2769a1b78a27578f13a17b -> 
  custom:video-decoder-webm-vp8: 9c59270c3fd7afecdb556c50c9e8de78 -> 
  custom:AudioImporter_EditorPlatform: d09bf68614088b80899f8185d706f6e7 -> 
  custom:video-encoder-webm-vp8: eb34c28f22e8b96e1ab97ce403110664 -> 
  custom:audio-decoder-ogg-vorbis: bf7c407c2cedff20999df2af8eb42d56 -> 
  custom:Fusion.ScriptOrderDependency: 55ac1e3551dde8e220c3b2c8c3ef1b03 -> 
  custom:audio-encoder-webm-vorbis: bf7c407c2cedff20999df2af8eb42d56 -> 
========================================================================
Received Prepare
Refreshing native plugins compatible for Editor in 34.19 ms, found 4 plugins.
Preloading 0 native plugins for Editor in 0.00 ms.
Unloading 1 Unused Serialized files (Serialized files now loaded: 0)
Unloading 1 unused Assets / (3.0 KB). Loaded Objects now: 3681.
Memory consumption went from 71.1 MB to 71.1 MB.
Total: 4.216800 ms (FindLiveObjects: 0.345900 ms CreateObjectMapping: 0.173400 ms MarkObjects: 3.665100 ms  DeleteObjects: 0.031100 ms)

Prepare: number of updated asset objects reloaded= 0
AssetImportParameters requested are different than current active one (requested -> active):
  custom:container-demuxer-ogg: 62fdf1f143b41e24485cea50d1cbac27 -> 
  custom:video-decoder-ogg-theora: a1e56fd34408186e4bbccfd4996cb3dc -> 
  custom:framework-win-MediaFoundation: 216162199b28c13a410421893ffa2e32 -> 
  custom:CustomObjectIndexerAttribute: 756ad292c208cfabdd7b50bc23989ffe -> 
  custom:container-demuxer-webm: 4f35f7cbe854078d1ac9338744f61a02 -> 
  custom:FusionILWeaverTriggerImporter/ConfigHash: b0b173a93bb19085723cb3d421b3a13b -> 
  custom:container-muxer-webm: aa71ff27fc2769a1b78a27578f13a17b -> 
  custom:video-decoder-webm-vp8: 9c59270c3fd7afecdb556c50c9e8de78 -> 
  custom:AudioImporter_EditorPlatform: d09bf68614088b80899f8185d706f6e7 -> 
  custom:video-encoder-webm-vp8: eb34c28f22e8b96e1ab97ce403110664 -> 
  custom:audio-decoder-ogg-vorbis: bf7c407c2cedff20999df2af8eb42d56 -> 
  custom:Fusion.ScriptOrderDependency: 55ac1e3551dde8e220c3b2c8c3ef1b03 -> 
  custom:Fusion.PrefabsDependency: a191e681db5c6b9b09063bbcf35a6fb9 -> 
  custom:audio-encoder-webm-vorbis: bf7c407c2cedff20999df2af8eb42d56 -> 
========================================================================
Received Prepare
Begin MonoManager ReloadAssembly
Symbol file LoadedFromMemory doesn't match image Z:\Tareas de Mariel\Programacion\GitHub_Projects\TW\Library\PackageCache\com.unity.visualscripting@1.8.0\Editor\VisualScripting.Core\Dependencies\YamlDotNet\Unity.VisualScripting.YamlDotNet.dll
Symbol file LoadedFromMemory is not a mono symbol file
Symbol file LoadedFromMemory is not a mono symbol file
Symbol file LoadedFromMemory doesn't match image Z:\Tareas de Mariel\Programacion\GitHub_Projects\TW\Library\PackageCache\com.unity.visualscripting@1.8.0\Editor\VisualScripting.Core\Dependencies\DotNetZip\Unity.VisualScripting.IonicZip.dll
Symbol file LoadedFromMemory is not a mono symbol file
Symbol file LoadedFromMemory is not a mono symbol file
- Loaded All Assemblies, in  1.531 seconds
Refreshing native plugins compatible for Editor in 34.88 ms, found 4 plugins.
Native extension for WindowsStandalone target not found
[Package Manager] Server::EnsureServerProcessIsRunning -- launch failed, reason: Unity was launched with the -noUpm command-line argument
[Package Manager] UpmClient::Send -- Unable to send message (not connected to UPM process).
[Package Manager] Cannot connect to Unity Package Manager local server
Mono: successfully reloaded assembly
- Finished resetting the current domain, in  1.958 seconds
Domain Reload Profiling: 3470ms
	BeginReloadAssembly (284ms)
		ExecutionOrderSort (0ms)
		DisableScriptedObjects (10ms)
		BackupInstance (0ms)
		ReleaseScriptingObjects (0ms)
		CreateAndSetChildDomain (66ms)
	RebuildCommonClasses (69ms)
	RebuildNativeTypeToScriptingClass (19ms)
	initialDomainReloadingComplete (98ms)
	LoadAllAssembliesAndSetupDomain (1041ms)
		LoadAssemblies (627ms)
		RebuildTransferFunctionScriptingTraits (0ms)
		AnalyzeDomain (525ms)
			TypeCache.Refresh (509ms)
				TypeCache.ScanAssembly (490ms)
			ScanForSourceGeneratedMonoScriptInfo (4ms)
			ResolveRequiredComponents (12ms)
	FinalizeReload (1959ms)
		ReleaseScriptCaches (0ms)
		RebuildScriptCaches (0ms)
		SetupLoadedEditorAssemblies (741ms)
			LogAssemblyErrors (0ms)
			InitializePlatformSupportModulesInManaged (13ms)
			SetLoadedEditorAssemblies (7ms)
			RefreshPlugins (0ms)
			BeforeProcessingInitializeOnLoad (116ms)
			ProcessInitializeOnLoadAttributes (533ms)
			ProcessInitializeOnLoadMethodAttributes (39ms)
			AfterProcessingInitializeOnLoad (34ms)
			EditorAssembliesLoaded (0ms)
		ExecutionOrderSort2 (0ms)
		AwakeInstancesAfterBackupRestoration (8ms)
Refreshing native plugins compatible for Editor in 30.78 ms, found 4 plugins.
Preloading 0 native plugins for Editor in 0.00 ms.
Unloading 3164 Unused Serialized files (Serialized files now loaded: 0)
Unloading 52 unused Assets / (45.6 KB). Loaded Objects now: 3684.
Memory consumption went from 120.4 MB to 120.4 MB.
Total: 5.730400 ms (FindLiveObjects: 0.348400 ms CreateObjectMapping: 0.105600 ms MarkObjects: 5.171900 ms  DeleteObjects: 0.103100 ms)

Prepare: number of updated asset objects reloaded= 0
AssetImportParameters requested are different than current active one (requested -> active):
  custom:container-demuxer-ogg: 62fdf1f143b41e24485cea50d1cbac27 -> 
  custom:video-decoder-ogg-theora: a1e56fd34408186e4bbccfd4996cb3dc -> 
  custom:framework-win-MediaFoundation: 216162199b28c13a410421893ffa2e32 -> 
  custom:CustomObjectIndexerAttribute: 756ad292c208cfabdd7b50bc23989ffe -> 
  custom:container-demuxer-webm: 4f35f7cbe854078d1ac9338744f61a02 -> 
  custom:FusionILWeaverTriggerImporter/ConfigHash: b0b173a93bb19085723cb3d421b3a13b -> 
  custom:container-muxer-webm: aa71ff27fc2769a1b78a27578f13a17b -> 
  custom:video-decoder-webm-vp8: 9c59270c3fd7afecdb556c50c9e8de78 -> 
  custom:AudioImporter_EditorPlatform: d09bf68614088b80899f8185d706f6e7 -> 
  custom:video-encoder-webm-vp8: eb34c28f22e8b96e1ab97ce403110664 -> 
  custom:audio-decoder-ogg-vorbis: bf7c407c2cedff20999df2af8eb42d56 -> 
  custom:Fusion.ScriptOrderDependency: 55ac1e3551dde8e220c3b2c8c3ef1b03 -> 
  custom:Fusion.PrefabsDependency: a191e681db5c6b9b09063bbcf35a6fb9 -> 
  custom:audio-encoder-webm-vorbis: bf7c407c2cedff20999df2af8eb42d56 -> 
========================================================================
Received Prepare
Begin MonoManager ReloadAssembly
Symbol file LoadedFromMemory doesn't match image Z:\Tareas de Mariel\Programacion\GitHub_Projects\TW\Library\PackageCache\com.unity.visualscripting@1.8.0\Editor\VisualScripting.Core\Dependencies\YamlDotNet\Unity.VisualScripting.YamlDotNet.dll
Symbol file LoadedFromMemory is not a mono symbol file
Symbol file LoadedFromMemory is not a mono symbol file
Symbol file LoadedFromMemory doesn't match image Z:\Tareas de Mariel\Programacion\GitHub_Projects\TW\Library\PackageCache\com.unity.visualscripting@1.8.0\Editor\VisualScripting.Core\Dependencies\DotNetZip\Unity.VisualScripting.IonicZip.dll
Symbol file LoadedFromMemory is not a mono symbol file
Symbol file LoadedFromMemory is not a mono symbol file
- Loaded All Assemblies, in  1.487 seconds
Refreshing native plugins compatible for Editor in 33.81 ms, found 4 plugins.
Native extension for WindowsStandalone target not found
[Package Manager] Server::EnsureServerProcessIsRunning -- launch failed, reason: Unity was launched with the -noUpm command-line argument
[Package Manager] UpmClient::Send -- Unable to send message (not connected to UPM process).
[Package Manager] Cannot connect to Unity Package Manager local server
Mono: successfully reloaded assembly
- Finished resetting the current domain, in  1.754 seconds
Domain Reload Profiling: 3225ms
	BeginReloadAssembly (270ms)
		ExecutionOrderSort (0ms)
		DisableScriptedObjects (10ms)
		BackupInstance (0ms)
		ReleaseScriptingObjects (0ms)
		CreateAndSetChildDomain (53ms)
	RebuildCommonClasses (66ms)
	RebuildNativeTypeToScriptingClass (22ms)
	initialDomainReloadingComplete (92ms)
	LoadAllAssembliesAndSetupDomain (1021ms)
		LoadAssemblies (632ms)
		RebuildTransferFunctionScriptingTraits (0ms)
		AnalyzeDomain (504ms)
			TypeCache.Refresh (484ms)
				TypeCache.ScanAssembly (464ms)
			ScanForSourceGeneratedMonoScriptInfo (5ms)
			ResolveRequiredComponents (15ms)
	FinalizeReload (1755ms)
		ReleaseScriptCaches (0ms)
		RebuildScriptCaches (0ms)
		SetupLoadedEditorAssemblies (669ms)
			LogAssemblyErrors (0ms)
			InitializePlatformSupportModulesInManaged (10ms)
			SetLoadedEditorAssemblies (4ms)
			RefreshPlugins (0ms)
			BeforeProcessingInitializeOnLoad (103ms)
			ProcessInitializeOnLoadAttributes (477ms)
			ProcessInitializeOnLoadMethodAttributes (41ms)
			AfterProcessingInitializeOnLoad (32ms)
			EditorAssembliesLoaded (0ms)
		ExecutionOrderSort2 (0ms)
		AwakeInstancesAfterBackupRestoration (8ms)
Refreshing native plugins compatible for Editor in 29.31 ms, found 4 plugins.
Preloading 0 native plugins for Editor in 0.00 ms.
Unloading 3164 Unused Serialized files (Serialized files now loaded: 0)
Unloading 52 unused Assets / (45.8 KB). Loaded Objects now: 3687.
Memory consumption went from 120.4 MB to 120.4 MB.
Total: 4.124800 ms (FindLiveObjects: 0.351500 ms CreateObjectMapping: 0.103700 ms MarkObjects: 3.566000 ms  DeleteObjects: 0.102400 ms)

Prepare: number of updated asset objects reloaded= 0
AssetImportParameters requested are different than current active one (requested -> active):
  custom:container-demuxer-ogg: 62fdf1f143b41e24485cea50d1cbac27 -> 
  custom:video-decoder-ogg-theora: a1e56fd34408186e4bbccfd4996cb3dc -> 
  custom:framework-win-MediaFoundation: 216162199b28c13a410421893ffa2e32 -> 
  custom:CustomObjectIndexerAttribute: 756ad292c208cfabdd7b50bc23989ffe -> 
  custom:container-demuxer-webm: 4f35f7cbe854078d1ac9338744f61a02 -> 
  custom:FusionILWeaverTriggerImporter/ConfigHash: b0b173a93bb19085723cb3d421b3a13b -> 
  custom:container-muxer-webm: aa71ff27fc2769a1b78a27578f13a17b -> 
  custom:video-decoder-webm-vp8: 9c59270c3fd7afecdb556c50c9e8de78 -> 
  custom:AudioImporter_EditorPlatform: d09bf68614088b80899f8185d706f6e7 -> 
  custom:video-encoder-webm-vp8: eb34c28f22e8b96e1ab97ce403110664 -> 
  custom:audio-decoder-ogg-vorbis: bf7c407c2cedff20999df2af8eb42d56 -> 
  custom:Fusion.ScriptOrderDependency: 55ac1e3551dde8e220c3b2c8c3ef1b03 -> 
  custom:Fusion.PrefabsDependency: a191e681db5c6b9b09063bbcf35a6fb9 -> 
  custom:audio-encoder-webm-vorbis: bf7c407c2cedff20999df2af8eb42d56 -> 
========================================================================
Received Prepare
Begin MonoManager ReloadAssembly
Symbol file LoadedFromMemory doesn't match image Z:\Tareas de Mariel\Programacion\GitHub_Projects\TW\Library\PackageCache\com.unity.visualscripting@1.8.0\Editor\VisualScripting.Core\Dependencies\YamlDotNet\Unity.VisualScripting.YamlDotNet.dll
Symbol file LoadedFromMemory is not a mono symbol file
Symbol file LoadedFromMemory is not a mono symbol file
Symbol file LoadedFromMemory doesn't match image Z:\Tareas de Mariel\Programacion\GitHub_Projects\TW\Library\PackageCache\com.unity.visualscripting@1.8.0\Editor\VisualScripting.Core\Dependencies\DotNetZip\Unity.VisualScripting.IonicZip.dll
Symbol file LoadedFromMemory is not a mono symbol file
Symbol file LoadedFromMemory is not a mono symbol file
- Loaded All Assemblies, in  1.587 seconds
Refreshing native plugins compatible for Editor in 39.81 ms, found 4 plugins.
Native extension for WindowsStandalone target not found
[Package Manager] Server::EnsureServerProcessIsRunning -- launch failed, reason: Unity was launched with the -noUpm command-line argument
[Package Manager] UpmClient::Send -- Unable to send message (not connected to UPM process).
[Package Manager] Cannot connect to Unity Package Manager local server
Mono: successfully reloaded assembly
- Finished resetting the current domain, in  1.856 seconds
Domain Reload Profiling: 3425ms
	BeginReloadAssembly (319ms)
		ExecutionOrderSort (0ms)
		DisableScriptedObjects (11ms)
		BackupInstance (0ms)
		ReleaseScriptingObjects (0ms)
		CreateAndSetChildDomain (72ms)
	RebuildCommonClasses (74ms)
	RebuildNativeTypeToScriptingClass (25ms)
	initialDomainReloadingComplete (89ms)
	LoadAllAssembliesAndSetupDomain (1061ms)
		LoadAssemblies (693ms)
		RebuildTransferFunctionScriptingTraits (0ms)
		AnalyzeDomain (492ms)
			TypeCache.Refresh (475ms)
				TypeCache.ScanAssembly (456ms)
			ScanForSourceGeneratedMonoScriptInfo (4ms)
			ResolveRequiredComponents (14ms)
	FinalizeReload (1856ms)
		ReleaseScriptCaches (0ms)
		RebuildScriptCaches (0ms)
		SetupLoadedEditorAssemblies (690ms)
			LogAssemblyErrors (0ms)
			InitializePlatformSupportModulesInManaged (13ms)
			SetLoadedEditorAssemblies (5ms)
			RefreshPlugins (0ms)
			BeforeProcessingInitializeOnLoad (114ms)
			ProcessInitializeOnLoadAttributes (493ms)
			ProcessInitializeOnLoadMethodAttributes (30ms)
			AfterProcessingInitializeOnLoad (34ms)
			EditorAssembliesLoaded (0ms)
		ExecutionOrderSort2 (0ms)
		AwakeInstancesAfterBackupRestoration (9ms)
Refreshing native plugins compatible for Editor in 28.08 ms, found 4 plugins.
Preloading 0 native plugins for Editor in 0.00 ms.
Unloading 3164 Unused Serialized files (Serialized files now loaded: 0)
Unloading 52 unused Assets / (45.7 KB). Loaded Objects now: 3690.
Memory consumption went from 120.4 MB to 120.4 MB.
Total: 3.913400 ms (FindLiveObjects: 0.512500 ms CreateObjectMapping: 0.225400 ms MarkObjects: 3.071700 ms  DeleteObjects: 0.101400 ms)

Prepare: number of updated asset objects reloaded= 0
AssetImportParameters requested are different than current active one (requested -> active):
  custom:container-demuxer-ogg: 62fdf1f143b41e24485cea50d1cbac27 -> 
  custom:video-decoder-ogg-theora: a1e56fd34408186e4bbccfd4996cb3dc -> 
  custom:framework-win-MediaFoundation: 216162199b28c13a410421893ffa2e32 -> 
  custom:CustomObjectIndexerAttribute: 756ad292c208cfabdd7b50bc23989ffe -> 
  custom:container-demuxer-webm: 4f35f7cbe854078d1ac9338744f61a02 -> 
  custom:FusionILWeaverTriggerImporter/ConfigHash: b0b173a93bb19085723cb3d421b3a13b -> 
  custom:container-muxer-webm: aa71ff27fc2769a1b78a27578f13a17b -> 
  custom:video-decoder-webm-vp8: 9c59270c3fd7afecdb556c50c9e8de78 -> 
  custom:AudioImporter_EditorPlatform: d09bf68614088b80899f8185d706f6e7 -> 
  custom:video-encoder-webm-vp8: eb34c28f22e8b96e1ab97ce403110664 -> 
  custom:audio-decoder-ogg-vorbis: bf7c407c2cedff20999df2af8eb42d56 -> 
  custom:Fusion.ScriptOrderDependency: 55ac1e3551dde8e220c3b2c8c3ef1b03 -> 
  custom:Fusion.PrefabsDependency: a191e681db5c6b9b09063bbcf35a6fb9 -> 
  custom:audio-encoder-webm-vorbis: bf7c407c2cedff20999df2af8eb42d56 -> 
========================================================================
Received Prepare
Refreshing native plugins compatible for Editor in 27.79 ms, found 4 plugins.
Preloading 0 native plugins for Editor in 0.00 ms.
Unloading 1 Unused Serialized files (Serialized files now loaded: 0)
Unloading 1 unused Assets / (3.0 KB). Loaded Objects now: 3690.
Memory consumption went from 71.1 MB to 71.1 MB.
Total: 4.121700 ms (FindLiveObjects: 0.332500 ms CreateObjectMapping: 0.106400 ms MarkObjects: 3.657900 ms  DeleteObjects: 0.023900 ms)

Prepare: number of updated asset objects reloaded= 0
AssetImportParameters requested are different than current active one (requested -> active):
  custom:container-demuxer-ogg: 62fdf1f143b41e24485cea50d1cbac27 -> 
  custom:video-decoder-ogg-theora: a1e56fd34408186e4bbccfd4996cb3dc -> 
  custom:framework-win-MediaFoundation: 216162199b28c13a410421893ffa2e32 -> 
  custom:CustomObjectIndexerAttribute: 756ad292c208cfabdd7b50bc23989ffe -> 
  custom:container-demuxer-webm: 4f35f7cbe854078d1ac9338744f61a02 -> 
  custom:FusionILWeaverTriggerImporter/ConfigHash: b0b173a93bb19085723cb3d421b3a13b -> 
  custom:container-muxer-webm: aa71ff27fc2769a1b78a27578f13a17b -> 
  custom:video-decoder-webm-vp8: 9c59270c3fd7afecdb556c50c9e8de78 -> 
  custom:AudioImporter_EditorPlatform: d09bf68614088b80899f8185d706f6e7 -> 
  custom:video-encoder-webm-vp8: eb34c28f22e8b96e1ab97ce403110664 -> 
  custom:audio-decoder-ogg-vorbis: bf7c407c2cedff20999df2af8eb42d56 -> 
  custom:Fusion.ScriptOrderDependency: 55ac1e3551dde8e220c3b2c8c3ef1b03 -> 
  custom:Fusion.PrefabsDependency: a191e681db5c6b9b09063bbcf35a6fb9 -> 
  custom:audio-encoder-webm-vorbis: bf7c407c2cedff20999df2af8eb42d56 -> 
========================================================================
Received Prepare
Begin MonoManager ReloadAssembly
Symbol file LoadedFromMemory doesn't match image Z:\Tareas de Mariel\Programacion\GitHub_Projects\TW\Library\PackageCache\com.unity.visualscripting@1.8.0\Editor\VisualScripting.Core\Dependencies\YamlDotNet\Unity.VisualScripting.YamlDotNet.dll
Symbol file LoadedFromMemory is not a mono symbol file
Symbol file LoadedFromMemory is not a mono symbol file
Symbol file LoadedFromMemory doesn't match image Z:\Tareas de Mariel\Programacion\GitHub_Projects\TW\Library\PackageCache\com.unity.visualscripting@1.8.0\Editor\VisualScripting.Core\Dependencies\DotNetZip\Unity.VisualScripting.IonicZip.dll
Symbol file LoadedFromMemory is not a mono symbol file
Symbol file LoadedFromMemory is not a mono symbol file
- Loaded All Assemblies, in  1.658 seconds
Refreshing native plugins compatible for Editor in 44.31 ms, found 4 plugins.
Native extension for WindowsStandalone target not found
[Package Manager] Server::EnsureServerProcessIsRunning -- launch failed, reason: Unity was launched with the -noUpm command-line argument
[Package Manager] UpmClient::Send -- Unable to send message (not connected to UPM process).
[Package Manager] Cannot connect to Unity Package Manager local server
Mono: successfully reloaded assembly
- Finished resetting the current domain, in  2.501 seconds
Domain Reload Profiling: 4140ms
	BeginReloadAssembly (295ms)
		ExecutionOrderSort (0ms)
		DisableScriptedObjects (10ms)
		BackupInstance (0ms)
		ReleaseScriptingObjects (0ms)
		CreateAndSetChildDomain (70ms)
	RebuildCommonClasses (69ms)
	RebuildNativeTypeToScriptingClass (20ms)
	initialDomainReloadingComplete (94ms)
	LoadAllAssembliesAndSetupDomain (1161ms)
		LoadAssemblies (677ms)
		RebuildTransferFunctionScriptingTraits (0ms)
		AnalyzeDomain (597ms)
			TypeCache.Refresh (578ms)
				TypeCache.ScanAssembly (553ms)
			ScanForSourceGeneratedMonoScriptInfo (0ms)
			ResolveRequiredComponents (18ms)
	FinalizeReload (2501ms)
		ReleaseScriptCaches (0ms)
		RebuildScriptCaches (0ms)
		SetupLoadedEditorAssemblies (972ms)
			LogAssemblyErrors (0ms)
			InitializePlatformSupportModulesInManaged (18ms)
			SetLoadedEditorAssemblies (6ms)
			RefreshPlugins (0ms)
			BeforeProcessingInitializeOnLoad (139ms)
			ProcessInitializeOnLoadAttributes (725ms)
			ProcessInitializeOnLoadMethodAttributes (47ms)
			AfterProcessingInitializeOnLoad (37ms)
			EditorAssembliesLoaded (1ms)
		ExecutionOrderSort2 (0ms)
		AwakeInstancesAfterBackupRestoration (16ms)
Refreshing native plugins compatible for Editor in 45.63 ms, found 4 plugins.
Preloading 0 native plugins for Editor in 0.00 ms.
Unloading 3164 Unused Serialized files (Serialized files now loaded: 0)
Unloading 52 unused Assets / (45.8 KB). Loaded Objects now: 3693.
Memory consumption went from 120.4 MB to 120.4 MB.
Total: 7.743100 ms (FindLiveObjects: 0.762400 ms CreateObjectMapping: 0.567800 ms MarkObjects: 6.174700 ms  DeleteObjects: 0.235300 ms)

Prepare: number of updated asset objects reloaded= 0
AssetImportParameters requested are different than current active one (requested -> active):
  custom:container-demuxer-ogg: 62fdf1f143b41e24485cea50d1cbac27 -> 
  custom:video-decoder-ogg-theora: a1e56fd34408186e4bbccfd4996cb3dc -> 
  custom:framework-win-MediaFoundation: 216162199b28c13a410421893ffa2e32 -> 
  custom:CustomObjectIndexerAttribute: 756ad292c208cfabdd7b50bc23989ffe -> 
  custom:container-demuxer-webm: 4f35f7cbe854078d1ac9338744f61a02 -> 
  custom:FusionILWeaverTriggerImporter/ConfigHash: b0b173a93bb19085723cb3d421b3a13b -> 
  custom:container-muxer-webm: aa71ff27fc2769a1b78a27578f13a17b -> 
  custom:video-decoder-webm-vp8: 9c59270c3fd7afecdb556c50c9e8de78 -> 
  custom:AudioImporter_EditorPlatform: d09bf68614088b80899f8185d706f6e7 -> 
  custom:video-encoder-webm-vp8: eb34c28f22e8b96e1ab97ce403110664 -> 
  custom:audio-decoder-ogg-vorbis: bf7c407c2cedff20999df2af8eb42d56 -> 
  custom:Fusion.ScriptOrderDependency: 55ac1e3551dde8e220c3b2c8c3ef1b03 -> 
  custom:Fusion.PrefabsDependency: a191e681db5c6b9b09063bbcf35a6fb9 -> 
  custom:audio-encoder-webm-vorbis: bf7c407c2cedff20999df2af8eb42d56 -> 
========================================================================
Received Prepare
Begin MonoManager ReloadAssembly
Symbol file LoadedFromMemory doesn't match image Z:\Tareas de Mariel\Programacion\GitHub_Projects\TW\Library\PackageCache\com.unity.visualscripting@1.8.0\Editor\VisualScripting.Core\Dependencies\YamlDotNet\Unity.VisualScripting.YamlDotNet.dll
Symbol file LoadedFromMemory is not a mono symbol file
Symbol file LoadedFromMemory is not a mono symbol file
Symbol file LoadedFromMemory doesn't match image Z:\Tareas de Mariel\Programacion\GitHub_Projects\TW\Library\PackageCache\com.unity.visualscripting@1.8.0\Editor\VisualScripting.Core\Dependencies\DotNetZip\Unity.VisualScripting.IonicZip.dll
Symbol file LoadedFromMemory is not a mono symbol file
Symbol file LoadedFromMemory is not a mono symbol file
- Loaded All Assemblies, in  1.498 seconds
Refreshing native plugins compatible for Editor in 35.19 ms, found 4 plugins.
Native extension for WindowsStandalone target not found
[Package Manager] Server::EnsureServerProcessIsRunning -- launch failed, reason: Unity was launched with the -noUpm command-line argument
[Package Manager] UpmClient::Send -- Unable to send message (not connected to UPM process).
[Package Manager] Cannot connect to Unity Package Manager local server
Mono: successfully reloaded assembly
- Finished resetting the current domain, in  1.681 seconds
Domain Reload Profiling: 3166ms
	BeginReloadAssembly (278ms)
		ExecutionOrderSort (0ms)
		DisableScriptedObjects (13ms)
		BackupInstance (0ms)
		ReleaseScriptingObjects (0ms)
		CreateAndSetChildDomain (54ms)
	RebuildCommonClasses (57ms)
	RebuildNativeTypeToScriptingClass (19ms)
	initialDomainReloadingComplete (88ms)
	LoadAllAssembliesAndSetupDomain (1041ms)
		LoadAssemblies (667ms)
		RebuildTransferFunctionScriptingTraits (0ms)
		AnalyzeDomain (477ms)
			TypeCache.Refresh (467ms)
				TypeCache.ScanAssembly (446ms)
			ScanForSourceGeneratedMonoScriptInfo (0ms)
			ResolveRequiredComponents (10ms)
	FinalizeReload (1682ms)
		ReleaseScriptCaches (0ms)
		RebuildScriptCaches (0ms)
		SetupLoadedEditorAssemblies (694ms)
			LogAssemblyErrors (0ms)
			InitializePlatformSupportModulesInManaged (10ms)
			SetLoadedEditorAssemblies (5ms)
			RefreshPlugins (0ms)
			BeforeProcessingInitializeOnLoad (105ms)
			ProcessInitializeOnLoadAttributes (497ms)
			ProcessInitializeOnLoadMethodAttributes (40ms)
			AfterProcessingInitializeOnLoad (36ms)
			EditorAssembliesLoaded (0ms)
		ExecutionOrderSort2 (0ms)
		AwakeInstancesAfterBackupRestoration (9ms)
Refreshing native plugins compatible for Editor in 28.67 ms, found 4 plugins.
Preloading 0 native plugins for Editor in 0.00 ms.
Unloading 3164 Unused Serialized files (Serialized files now loaded: 0)
Unloading 52 unused Assets / (45.8 KB). Loaded Objects now: 3696.
Memory consumption went from 120.4 MB to 120.4 MB.
Total: 4.025800 ms (FindLiveObjects: 0.345100 ms CreateObjectMapping: 0.106000 ms MarkObjects: 3.485800 ms  DeleteObjects: 0.087800 ms)

Prepare: number of updated asset objects reloaded= 0
AssetImportParameters requested are different than current active one (requested -> active):
  custom:container-demuxer-ogg: 62fdf1f143b41e24485cea50d1cbac27 -> 
  custom:video-decoder-ogg-theora: a1e56fd34408186e4bbccfd4996cb3dc -> 
  custom:framework-win-MediaFoundation: 216162199b28c13a410421893ffa2e32 -> 
  custom:CustomObjectIndexerAttribute: 756ad292c208cfabdd7b50bc23989ffe -> 
  custom:container-demuxer-webm: 4f35f7cbe854078d1ac9338744f61a02 -> 
  custom:FusionILWeaverTriggerImporter/ConfigHash: b0b173a93bb19085723cb3d421b3a13b -> 
  custom:container-muxer-webm: aa71ff27fc2769a1b78a27578f13a17b -> 
  custom:video-decoder-webm-vp8: 9c59270c3fd7afecdb556c50c9e8de78 -> 
  custom:AudioImporter_EditorPlatform: d09bf68614088b80899f8185d706f6e7 -> 
  custom:video-encoder-webm-vp8: eb34c28f22e8b96e1ab97ce403110664 -> 
  custom:audio-decoder-ogg-vorbis: bf7c407c2cedff20999df2af8eb42d56 -> 
  custom:Fusion.ScriptOrderDependency: 55ac1e3551dde8e220c3b2c8c3ef1b03 -> 
  custom:Fusion.PrefabsDependency: a191e681db5c6b9b09063bbcf35a6fb9 -> 
  custom:audio-encoder-webm-vorbis: bf7c407c2cedff20999df2af8eb42d56 -> 
========================================================================
Received Prepare
Begin MonoManager ReloadAssembly
Symbol file LoadedFromMemory doesn't match image Z:\Tareas de Mariel\Programacion\GitHub_Projects\TW\Library\PackageCache\com.unity.visualscripting@1.8.0\Editor\VisualScripting.Core\Dependencies\YamlDotNet\Unity.VisualScripting.YamlDotNet.dll
Symbol file LoadedFromMemory is not a mono symbol file
Symbol file LoadedFromMemory is not a mono symbol file
Symbol file LoadedFromMemory doesn't match image Z:\Tareas de Mariel\Programacion\GitHub_Projects\TW\Library\PackageCache\com.unity.visualscripting@1.8.0\Editor\VisualScripting.Core\Dependencies\DotNetZip\Unity.VisualScripting.IonicZip.dll
Symbol file LoadedFromMemory is not a mono symbol file
Symbol file LoadedFromMemory is not a mono symbol file
- Loaded All Assemblies, in  1.801 seconds
Refreshing native plugins compatible for Editor in 45.57 ms, found 4 plugins.
Native extension for WindowsStandalone target not found
[Package Manager] Server::EnsureServerProcessIsRunning -- launch failed, reason: Unity was launched with the -noUpm command-line argument
[Package Manager] UpmClient::Send -- Unable to send message (not connected to UPM process).
[Package Manager] Cannot connect to Unity Package Manager local server
Mono: successfully reloaded assembly
- Finished resetting the current domain, in  2.805 seconds
Domain Reload Profiling: 4589ms
	BeginReloadAssembly (349ms)
		ExecutionOrderSort (0ms)
		DisableScriptedObjects (10ms)
		BackupInstance (0ms)
		ReleaseScriptingObjects (0ms)
		CreateAndSetChildDomain (70ms)
	RebuildCommonClasses (63ms)
	RebuildNativeTypeToScriptingClass (31ms)
	initialDomainReloadingComplete (104ms)
	LoadAllAssembliesAndSetupDomain (1237ms)
		LoadAssemblies (695ms)
		RebuildTransferFunctionScriptingTraits (0ms)
		AnalyzeDomain (652ms)
			TypeCache.Refresh (638ms)
				TypeCache.ScanAssembly (609ms)
			ScanForSourceGeneratedMonoScriptInfo (0ms)
			ResolveRequiredComponents (14ms)
	FinalizeReload (2806ms)
		ReleaseScriptCaches (0ms)
		RebuildScriptCaches (0ms)
		SetupLoadedEditorAssemblies (1000ms)
			LogAssemblyErrors (0ms)
			InitializePlatformSupportModulesInManaged (19ms)
			SetLoadedEditorAssemblies (8ms)
			RefreshPlugins (0ms)
			BeforeProcessingInitializeOnLoad (167ms)
			ProcessInitializeOnLoadAttributes (713ms)
			ProcessInitializeOnLoadMethodAttributes (49ms)
			AfterProcessingInitializeOnLoad (44ms)
			EditorAssembliesLoaded (1ms)
		ExecutionOrderSort2 (0ms)
		AwakeInstancesAfterBackupRestoration (13ms)
Refreshing native plugins compatible for Editor in 45.34 ms, found 4 plugins.
Preloading 0 native plugins for Editor in 0.00 ms.
Unloading 3164 Unused Serialized files (Serialized files now loaded: 0)
Unloading 52 unused Assets / (45.8 KB). Loaded Objects now: 3699.
Memory consumption went from 120.4 MB to 120.4 MB.
Total: 5.478900 ms (FindLiveObjects: 0.441800 ms CreateObjectMapping: 0.162100 ms MarkObjects: 4.715200 ms  DeleteObjects: 0.158000 ms)

Prepare: number of updated asset objects reloaded= 0
AssetImportParameters requested are different than current active one (requested -> active):
  custom:container-demuxer-ogg: 62fdf1f143b41e24485cea50d1cbac27 -> 
  custom:video-decoder-ogg-theora: a1e56fd34408186e4bbccfd4996cb3dc -> 
  custom:framework-win-MediaFoundation: 216162199b28c13a410421893ffa2e32 -> 
  custom:CustomObjectIndexerAttribute: 756ad292c208cfabdd7b50bc23989ffe -> 
  custom:container-demuxer-webm: 4f35f7cbe854078d1ac9338744f61a02 -> 
  custom:FusionILWeaverTriggerImporter/ConfigHash: b0b173a93bb19085723cb3d421b3a13b -> 
  custom:container-muxer-webm: aa71ff27fc2769a1b78a27578f13a17b -> 
  custom:video-decoder-webm-vp8: 9c59270c3fd7afecdb556c50c9e8de78 -> 
  custom:AudioImporter_EditorPlatform: d09bf68614088b80899f8185d706f6e7 -> 
  custom:video-encoder-webm-vp8: eb34c28f22e8b96e1ab97ce403110664 -> 
  custom:audio-decoder-ogg-vorbis: bf7c407c2cedff20999df2af8eb42d56 -> 
  custom:Fusion.ScriptOrderDependency: 55ac1e3551dde8e220c3b2c8c3ef1b03 -> 
  custom:Fusion.PrefabsDependency: a191e681db5c6b9b09063bbcf35a6fb9 -> 
  custom:audio-encoder-webm-vorbis: bf7c407c2cedff20999df2af8eb42d56 -> 
========================================================================
Received Prepare
Begin MonoManager ReloadAssembly
Symbol file LoadedFromMemory doesn't match image Z:\Tareas de Mariel\Programacion\GitHub_Projects\TW\Library\PackageCache\com.unity.visualscripting@1.8.0\Editor\VisualScripting.Core\Dependencies\YamlDotNet\Unity.VisualScripting.YamlDotNet.dll
Symbol file LoadedFromMemory is not a mono symbol file
Symbol file LoadedFromMemory is not a mono symbol file
Symbol file LoadedFromMemory doesn't match image Z:\Tareas de Mariel\Programacion\GitHub_Projects\TW\Library\PackageCache\com.unity.visualscripting@1.8.0\Editor\VisualScripting.Core\Dependencies\DotNetZip\Unity.VisualScripting.IonicZip.dll
Symbol file LoadedFromMemory is not a mono symbol file
Symbol file LoadedFromMemory is not a mono symbol file
- Loaded All Assemblies, in  1.528 seconds
Refreshing native plugins compatible for Editor in 35.72 ms, found 4 plugins.
Native extension for WindowsStandalone target not found
[Package Manager] Server::EnsureServerProcessIsRunning -- launch failed, reason: Unity was launched with the -noUpm command-line argument
[Package Manager] UpmClient::Send -- Unable to send message (not connected to UPM process).
[Package Manager] Cannot connect to Unity Package Manager local server
Mono: successfully reloaded assembly
- Finished resetting the current domain, in  1.858 seconds
Domain Reload Profiling: 3370ms
	BeginReloadAssembly (269ms)
		ExecutionOrderSort (0ms)
		DisableScriptedObjects (9ms)
		BackupInstance (0ms)
		ReleaseScriptingObjects (0ms)
		CreateAndSetChildDomain (65ms)
	RebuildCommonClasses (60ms)
	RebuildNativeTypeToScriptingClass (25ms)
	initialDomainReloadingComplete (95ms)
	LoadAllAssembliesAndSetupDomain (1062ms)
		LoadAssemblies (665ms)
		RebuildTransferFunctionScriptingTraits (0ms)
		AnalyzeDomain (492ms)
			TypeCache.Refresh (474ms)
				TypeCache.ScanAssembly (454ms)
			ScanForSourceGeneratedMonoScriptInfo (4ms)
			ResolveRequiredComponents (13ms)
	FinalizeReload (1859ms)
		ReleaseScriptCaches (0ms)
		RebuildScriptCaches (0ms)
		SetupLoadedEditorAssemblies (746ms)
			LogAssemblyErrors (0ms)
			InitializePlatformSupportModulesInManaged (13ms)
			SetLoadedEditorAssemblies (5ms)
			RefreshPlugins (0ms)
			BeforeProcessingInitializeOnLoad (121ms)
			ProcessInitializeOnLoadAttributes (545ms)
			ProcessInitializeOnLoadMethodAttributes (34ms)
			AfterProcessingInitializeOnLoad (28ms)
			EditorAssembliesLoaded (0ms)
		ExecutionOrderSort2 (0ms)
		AwakeInstancesAfterBackupRestoration (11ms)
Refreshing native plugins compatible for Editor in 32.67 ms, found 4 plugins.
Preloading 0 native plugins for Editor in 0.00 ms.
Unloading 3164 Unused Serialized files (Serialized files now loaded: 0)
Unloading 52 unused Assets / (45.8 KB). Loaded Objects now: 3702.
Memory consumption went from 120.4 MB to 120.4 MB.
Total: 5.280600 ms (FindLiveObjects: 0.376900 ms CreateObjectMapping: 0.393100 ms MarkObjects: 4.362600 ms  DeleteObjects: 0.146600 ms)

Prepare: number of updated asset objects reloaded= 0
AssetImportParameters requested are different than current active one (requested -> active):
  custom:container-demuxer-ogg: 62fdf1f143b41e24485cea50d1cbac27 -> 
  custom:video-decoder-ogg-theora: a1e56fd34408186e4bbccfd4996cb3dc -> 
  custom:framework-win-MediaFoundation: 216162199b28c13a410421893ffa2e32 -> 
  custom:CustomObjectIndexerAttribute: 756ad292c208cfabdd7b50bc23989ffe -> 
  custom:container-demuxer-webm: 4f35f7cbe854078d1ac9338744f61a02 -> 
  custom:FusionILWeaverTriggerImporter/ConfigHash: b0b173a93bb19085723cb3d421b3a13b -> 
  custom:container-muxer-webm: aa71ff27fc2769a1b78a27578f13a17b -> 
  custom:video-decoder-webm-vp8: 9c59270c3fd7afecdb556c50c9e8de78 -> 
  custom:AudioImporter_EditorPlatform: d09bf68614088b80899f8185d706f6e7 -> 
  custom:video-encoder-webm-vp8: eb34c28f22e8b96e1ab97ce403110664 -> 
  custom:audio-decoder-ogg-vorbis: bf7c407c2cedff20999df2af8eb42d56 -> 
  custom:Fusion.ScriptOrderDependency: 55ac1e3551dde8e220c3b2c8c3ef1b03 -> 
  custom:Fusion.PrefabsDependency: a191e681db5c6b9b09063bbcf35a6fb9 -> 
  custom:audio-encoder-webm-vorbis: bf7c407c2cedff20999df2af8eb42d56 -> 
========================================================================
Received Prepare
Refreshing native plugins compatible for Editor in 34.70 ms, found 4 plugins.
Preloading 0 native plugins for Editor in 0.00 ms.
Unloading 1 Unused Serialized files (Serialized files now loaded: 0)
Unloading 1 unused Assets / (3.0 KB). Loaded Objects now: 3702.
Memory consumption went from 71.1 MB to 71.1 MB.
Total: 3.832900 ms (FindLiveObjects: 0.321300 ms CreateObjectMapping: 0.159600 ms MarkObjects: 3.324200 ms  DeleteObjects: 0.026200 ms)

Prepare: number of updated asset objects reloaded= 0
AssetImportParameters requested are different than current active one (requested -> active):
  custom:container-demuxer-ogg: 62fdf1f143b41e24485cea50d1cbac27 -> 
  custom:video-decoder-ogg-theora: a1e56fd34408186e4bbccfd4996cb3dc -> 
  custom:framework-win-MediaFoundation: 216162199b28c13a410421893ffa2e32 -> 
  custom:CustomObjectIndexerAttribute: 756ad292c208cfabdd7b50bc23989ffe -> 
  custom:container-demuxer-webm: 4f35f7cbe854078d1ac9338744f61a02 -> 
  custom:FusionILWeaverTriggerImporter/ConfigHash: b0b173a93bb19085723cb3d421b3a13b -> 
  custom:container-muxer-webm: aa71ff27fc2769a1b78a27578f13a17b -> 
  custom:video-decoder-webm-vp8: 9c59270c3fd7afecdb556c50c9e8de78 -> 
  custom:AudioImporter_EditorPlatform: d09bf68614088b80899f8185d706f6e7 -> 
  custom:video-encoder-webm-vp8: eb34c28f22e8b96e1ab97ce403110664 -> 
  custom:audio-decoder-ogg-vorbis: bf7c407c2cedff20999df2af8eb42d56 -> 
  custom:Fusion.ScriptOrderDependency: 55ac1e3551dde8e220c3b2c8c3ef1b03 -> 
  custom:Fusion.PrefabsDependency: a191e681db5c6b9b09063bbcf35a6fb9 -> 
  custom:audio-encoder-webm-vorbis: bf7c407c2cedff20999df2af8eb42d56 -> 
========================================================================
Received Prepare
Begin MonoManager ReloadAssembly
Symbol file LoadedFromMemory doesn't match image Z:\Tareas de Mariel\Programacion\GitHub_Projects\TW\Library\PackageCache\com.unity.visualscripting@1.8.0\Editor\VisualScripting.Core\Dependencies\YamlDotNet\Unity.VisualScripting.YamlDotNet.dll
Symbol file LoadedFromMemory is not a mono symbol file
Symbol file LoadedFromMemory is not a mono symbol file
Symbol file LoadedFromMemory doesn't match image Z:\Tareas de Mariel\Programacion\GitHub_Projects\TW\Library\PackageCache\com.unity.visualscripting@1.8.0\Editor\VisualScripting.Core\Dependencies\DotNetZip\Unity.VisualScripting.IonicZip.dll
Symbol file LoadedFromMemory is not a mono symbol file
Symbol file LoadedFromMemory is not a mono symbol file
- Loaded All Assemblies, in  1.817 seconds
Refreshing native plugins compatible for Editor in 53.15 ms, found 4 plugins.
Native extension for WindowsStandalone target not found
[Package Manager] Server::EnsureServerProcessIsRunning -- launch failed, reason: Unity was launched with the -noUpm command-line argument
[Package Manager] UpmClient::Send -- Unable to send message (not connected to UPM process).
[Package Manager] Cannot connect to Unity Package Manager local server
Mono: successfully reloaded assembly
- Finished resetting the current domain, in  2.883 seconds
Domain Reload Profiling: 4682ms
	BeginReloadAssembly (319ms)
		ExecutionOrderSort (0ms)
		DisableScriptedObjects (12ms)
		BackupInstance (0ms)
		ReleaseScriptingObjects (0ms)
		CreateAndSetChildDomain (71ms)
	RebuildCommonClasses (65ms)
	RebuildNativeTypeToScriptingClass (22ms)
	initialDomainReloadingComplete (104ms)
	LoadAllAssembliesAndSetupDomain (1289ms)
		LoadAssemblies (715ms)
		RebuildTransferFunctionScriptingTraits (0ms)
		AnalyzeDomain (683ms)
			TypeCache.Refresh (671ms)
				TypeCache.ScanAssembly (641ms)
			ScanForSourceGeneratedMonoScriptInfo (0ms)
			ResolveRequiredComponents (12ms)
	FinalizeReload (2884ms)
		ReleaseScriptCaches (0ms)
		RebuildScriptCaches (0ms)
		SetupLoadedEditorAssemblies (1133ms)
			LogAssemblyErrors (0ms)
			InitializePlatformSupportModulesInManaged (17ms)
			SetLoadedEditorAssemblies (6ms)
			RefreshPlugins (0ms)
			BeforeProcessingInitializeOnLoad (173ms)
			ProcessInitializeOnLoadAttributes (814ms)
			ProcessInitializeOnLoadMethodAttributes (63ms)
			AfterProcessingInitializeOnLoad (61ms)
			EditorAssembliesLoaded (1ms)
		ExecutionOrderSort2 (0ms)
		AwakeInstancesAfterBackupRestoration (17ms)
Refreshing native plugins compatible for Editor in 47.21 ms, found 4 plugins.
Preloading 0 native plugins for Editor in 0.00 ms.
Unloading 3164 Unused Serialized files (Serialized files now loaded: 0)
Unloading 52 unused Assets / (45.8 KB). Loaded Objects now: 3705.
Memory consumption went from 120.4 MB to 120.4 MB.
Total: 6.912700 ms (FindLiveObjects: 0.659700 ms CreateObjectMapping: 0.218500 ms MarkObjects: 5.907900 ms  DeleteObjects: 0.123900 ms)

Prepare: number of updated asset objects reloaded= 0
AssetImportParameters requested are different than current active one (requested -> active):
  custom:container-demuxer-ogg: 62fdf1f143b41e24485cea50d1cbac27 -> 
  custom:video-decoder-ogg-theora: a1e56fd34408186e4bbccfd4996cb3dc -> 
  custom:framework-win-MediaFoundation: 216162199b28c13a410421893ffa2e32 -> 
  custom:CustomObjectIndexerAttribute: 756ad292c208cfabdd7b50bc23989ffe -> 
  custom:container-demuxer-webm: 4f35f7cbe854078d1ac9338744f61a02 -> 
  custom:FusionILWeaverTriggerImporter/ConfigHash: b0b173a93bb19085723cb3d421b3a13b -> 
  custom:container-muxer-webm: aa71ff27fc2769a1b78a27578f13a17b -> 
  custom:video-decoder-webm-vp8: 9c59270c3fd7afecdb556c50c9e8de78 -> 
  custom:AudioImporter_EditorPlatform: d09bf68614088b80899f8185d706f6e7 -> 
  custom:video-encoder-webm-vp8: eb34c28f22e8b96e1ab97ce403110664 -> 
  custom:audio-decoder-ogg-vorbis: bf7c407c2cedff20999df2af8eb42d56 -> 
  custom:Fusion.ScriptOrderDependency: 55ac1e3551dde8e220c3b2c8c3ef1b03 -> 
  custom:Fusion.PrefabsDependency: a191e681db5c6b9b09063bbcf35a6fb9 -> 
  custom:audio-encoder-webm-vorbis: bf7c407c2cedff20999df2af8eb42d56 -> 
========================================================================
Received Prepare
Begin MonoManager ReloadAssembly
Symbol file LoadedFromMemory doesn't match image Z:\Tareas de Mariel\Programacion\GitHub_Projects\TW\Library\PackageCache\com.unity.visualscripting@1.8.0\Editor\VisualScripting.Core\Dependencies\YamlDotNet\Unity.VisualScripting.YamlDotNet.dll
Symbol file LoadedFromMemory is not a mono symbol file
Symbol file LoadedFromMemory is not a mono symbol file
Symbol file LoadedFromMemory doesn't match image Z:\Tareas de Mariel\Programacion\GitHub_Projects\TW\Library\PackageCache\com.unity.visualscripting@1.8.0\Editor\VisualScripting.Core\Dependencies\DotNetZip\Unity.VisualScripting.IonicZip.dll
Symbol file LoadedFromMemory is not a mono symbol file
Symbol file LoadedFromMemory is not a mono symbol file
- Loaded All Assemblies, in  1.447 seconds
Refreshing native plugins compatible for Editor in 28.49 ms, found 4 plugins.
Native extension for WindowsStandalone target not found
[Package Manager] Server::EnsureServerProcessIsRunning -- launch failed, reason: Unity was launched with the -noUpm command-line argument
[Package Manager] UpmClient::Send -- Unable to send message (not connected to UPM process).
[Package Manager] Cannot connect to Unity Package Manager local server
Mono: successfully reloaded assembly
- Finished resetting the current domain, in  1.683 seconds
Domain Reload Profiling: 3113ms
	BeginReloadAssembly (265ms)
		ExecutionOrderSort (0ms)
		DisableScriptedObjects (10ms)
		BackupInstance (0ms)
		ReleaseScriptingObjects (0ms)
		CreateAndSetChildDomain (60ms)
	RebuildCommonClasses (60ms)
	RebuildNativeTypeToScriptingClass (17ms)
	initialDomainReloadingComplete (84ms)
	LoadAllAssembliesAndSetupDomain (1003ms)
		LoadAssemblies (639ms)
		RebuildTransferFunctionScriptingTraits (0ms)
		AnalyzeDomain (462ms)
			TypeCache.Refresh (448ms)
				TypeCache.ScanAssembly (428ms)
			ScanForSourceGeneratedMonoScriptInfo (5ms)
			ResolveRequiredComponents (9ms)
	FinalizeReload (1684ms)
		ReleaseScriptCaches (0ms)
		RebuildScriptCaches (0ms)
		SetupLoadedEditorAssemblies (673ms)
			LogAssemblyErrors (0ms)
			InitializePlatformSupportModulesInManaged (11ms)
			SetLoadedEditorAssemblies (5ms)
			RefreshPlugins (0ms)
			BeforeProcessingInitializeOnLoad (103ms)
			ProcessInitializeOnLoadAttributes (496ms)
			ProcessInitializeOnLoadMethodAttributes (29ms)
			AfterProcessingInitializeOnLoad (28ms)
			EditorAssembliesLoaded (0ms)
		ExecutionOrderSort2 (0ms)
		AwakeInstancesAfterBackupRestoration (9ms)
Refreshing native plugins compatible for Editor in 28.96 ms, found 4 plugins.
Preloading 0 native plugins for Editor in 0.00 ms.
Unloading 3164 Unused Serialized files (Serialized files now loaded: 0)
Unloading 52 unused Assets / (45.9 KB). Loaded Objects now: 3708.
Memory consumption went from 120.4 MB to 120.4 MB.
Total: 3.688300 ms (FindLiveObjects: 0.338300 ms CreateObjectMapping: 0.091900 ms MarkObjects: 3.163900 ms  DeleteObjects: 0.093000 ms)

Prepare: number of updated asset objects reloaded= 0
AssetImportParameters requested are different than current active one (requested -> active):
  custom:container-demuxer-ogg: 62fdf1f143b41e24485cea50d1cbac27 -> 
  custom:video-decoder-ogg-theora: a1e56fd34408186e4bbccfd4996cb3dc -> 
  custom:framework-win-MediaFoundation: 216162199b28c13a410421893ffa2e32 -> 
  custom:CustomObjectIndexerAttribute: 756ad292c208cfabdd7b50bc23989ffe -> 
  custom:container-demuxer-webm: 4f35f7cbe854078d1ac9338744f61a02 -> 
  custom:FusionILWeaverTriggerImporter/ConfigHash: b0b173a93bb19085723cb3d421b3a13b -> 
  custom:container-muxer-webm: aa71ff27fc2769a1b78a27578f13a17b -> 
  custom:video-decoder-webm-vp8: 9c59270c3fd7afecdb556c50c9e8de78 -> 
  custom:AudioImporter_EditorPlatform: d09bf68614088b80899f8185d706f6e7 -> 
  custom:video-encoder-webm-vp8: eb34c28f22e8b96e1ab97ce403110664 -> 
  custom:audio-decoder-ogg-vorbis: bf7c407c2cedff20999df2af8eb42d56 -> 
  custom:Fusion.ScriptOrderDependency: 55ac1e3551dde8e220c3b2c8c3ef1b03 -> 
  custom:Fusion.PrefabsDependency: a191e681db5c6b9b09063bbcf35a6fb9 -> 
  custom:audio-encoder-webm-vorbis: bf7c407c2cedff20999df2af8eb42d56 -> 
========================================================================
Received Prepare
Refreshing native plugins compatible for Editor in 31.60 ms, found 4 plugins.
Preloading 0 native plugins for Editor in 0.00 ms.
Unloading 1 Unused Serialized files (Serialized files now loaded: 0)
Unloading 1 unused Assets / (3.0 KB). Loaded Objects now: 3708.
Memory consumption went from 71.1 MB to 71.1 MB.
Total: 4.630400 ms (FindLiveObjects: 0.436800 ms CreateObjectMapping: 0.230400 ms MarkObjects: 3.932300 ms  DeleteObjects: 0.028200 ms)

Prepare: number of updated asset objects reloaded= 0
AssetImportParameters requested are different than current active one (requested -> active):
  custom:container-demuxer-ogg: 62fdf1f143b41e24485cea50d1cbac27 -> 
  custom:video-decoder-ogg-theora: a1e56fd34408186e4bbccfd4996cb3dc -> 
  custom:framework-win-MediaFoundation: 216162199b28c13a410421893ffa2e32 -> 
  custom:CustomObjectIndexerAttribute: 756ad292c208cfabdd7b50bc23989ffe -> 
  custom:container-demuxer-webm: 4f35f7cbe854078d1ac9338744f61a02 -> 
  custom:FusionILWeaverTriggerImporter/ConfigHash: b0b173a93bb19085723cb3d421b3a13b -> 
  custom:container-muxer-webm: aa71ff27fc2769a1b78a27578f13a17b -> 
  custom:video-decoder-webm-vp8: 9c59270c3fd7afecdb556c50c9e8de78 -> 
  custom:AudioImporter_EditorPlatform: d09bf68614088b80899f8185d706f6e7 -> 
  custom:video-encoder-webm-vp8: eb34c28f22e8b96e1ab97ce403110664 -> 
  custom:audio-decoder-ogg-vorbis: bf7c407c2cedff20999df2af8eb42d56 -> 
  custom:Fusion.ScriptOrderDependency: 55ac1e3551dde8e220c3b2c8c3ef1b03 -> 
  custom:Fusion.PrefabsDependency: a191e681db5c6b9b09063bbcf35a6fb9 -> 
  custom:audio-encoder-webm-vorbis: bf7c407c2cedff20999df2af8eb42d56 -> 
========================================================================
Received Prepare
Begin MonoManager ReloadAssembly
Symbol file LoadedFromMemory doesn't match image Z:\Tareas de Mariel\Programacion\GitHub_Projects\TW\Library\PackageCache\com.unity.visualscripting@1.8.0\Editor\VisualScripting.Core\Dependencies\YamlDotNet\Unity.VisualScripting.YamlDotNet.dll
Symbol file LoadedFromMemory is not a mono symbol file
Symbol file LoadedFromMemory is not a mono symbol file
Symbol file LoadedFromMemory doesn't match image Z:\Tareas de Mariel\Programacion\GitHub_Projects\TW\Library\PackageCache\com.unity.visualscripting@1.8.0\Editor\VisualScripting.Core\Dependencies\DotNetZip\Unity.VisualScripting.IonicZip.dll
Symbol file LoadedFromMemory is not a mono symbol file
Symbol file LoadedFromMemory is not a mono symbol file
- Loaded All Assemblies, in  1.719 seconds
Refreshing native plugins compatible for Editor in 43.25 ms, found 4 plugins.
Native extension for WindowsStandalone target not found
[Package Manager] Server::EnsureServerProcessIsRunning -- launch failed, reason: Unity was launched with the -noUpm command-line argument
[Package Manager] UpmClient::Send -- Unable to send message (not connected to UPM process).
[Package Manager] Cannot connect to Unity Package Manager local server
Mono: successfully reloaded assembly
- Finished resetting the current domain, in  2.568 seconds
Domain Reload Profiling: 4270ms
	BeginReloadAssembly (290ms)
		ExecutionOrderSort (0ms)
		DisableScriptedObjects (10ms)
		BackupInstance (0ms)
		ReleaseScriptingObjects (0ms)
		CreateAndSetChildDomain (64ms)
	RebuildCommonClasses (62ms)
	RebuildNativeTypeToScriptingClass (27ms)
	initialDomainReloadingComplete (95ms)
	LoadAllAssembliesAndSetupDomain (1227ms)
		LoadAssemblies (703ms)
		RebuildTransferFunctionScriptingTraits (0ms)
		AnalyzeDomain (639ms)
			TypeCache.Refresh (624ms)
				TypeCache.ScanAssembly (599ms)
			ScanForSourceGeneratedMonoScriptInfo (0ms)
			ResolveRequiredComponents (14ms)
	FinalizeReload (2569ms)
		ReleaseScriptCaches (0ms)
		RebuildScriptCaches (0ms)
		SetupLoadedEditorAssemblies (1027ms)
			LogAssemblyErrors (0ms)
			InitializePlatformSupportModulesInManaged (16ms)
			SetLoadedEditorAssemblies (8ms)
			RefreshPlugins (0ms)
			BeforeProcessingInitializeOnLoad (150ms)
			ProcessInitializeOnLoadAttributes (756ms)
			ProcessInitializeOnLoadMethodAttributes (52ms)
			AfterProcessingInitializeOnLoad (44ms)
			EditorAssembliesLoaded (1ms)
		ExecutionOrderSort2 (0ms)
		AwakeInstancesAfterBackupRestoration (13ms)
Refreshing native plugins compatible for Editor in 48.16 ms, found 4 plugins.
Preloading 0 native plugins for Editor in 0.00 ms.
Unloading 3164 Unused Serialized files (Serialized files now loaded: 0)
Unloading 52 unused Assets / (45.8 KB). Loaded Objects now: 3711.
Memory consumption went from 120.4 MB to 120.4 MB.
Total: 7.455700 ms (FindLiveObjects: 0.657400 ms CreateObjectMapping: 0.415500 ms MarkObjects: 6.183600 ms  DeleteObjects: 0.196900 ms)

Prepare: number of updated asset objects reloaded= 0
AssetImportParameters requested are different than current active one (requested -> active):
  custom:container-demuxer-ogg: 62fdf1f143b41e24485cea50d1cbac27 -> 
  custom:video-decoder-ogg-theora: a1e56fd34408186e4bbccfd4996cb3dc -> 
  custom:framework-win-MediaFoundation: 216162199b28c13a410421893ffa2e32 -> 
  custom:CustomObjectIndexerAttribute: 756ad292c208cfabdd7b50bc23989ffe -> 
  custom:container-demuxer-webm: 4f35f7cbe854078d1ac9338744f61a02 -> 
  custom:FusionILWeaverTriggerImporter/ConfigHash: b0b173a93bb19085723cb3d421b3a13b -> 
  custom:container-muxer-webm: aa71ff27fc2769a1b78a27578f13a17b -> 
  custom:video-decoder-webm-vp8: 9c59270c3fd7afecdb556c50c9e8de78 -> 
  custom:AudioImporter_EditorPlatform: d09bf68614088b80899f8185d706f6e7 -> 
  custom:video-encoder-webm-vp8: eb34c28f22e8b96e1ab97ce403110664 -> 
  custom:audio-decoder-ogg-vorbis: bf7c407c2cedff20999df2af8eb42d56 -> 
  custom:Fusion.ScriptOrderDependency: 55ac1e3551dde8e220c3b2c8c3ef1b03 -> 
  custom:Fusion.PrefabsDependency: a191e681db5c6b9b09063bbcf35a6fb9 -> 
  custom:audio-encoder-webm-vorbis: bf7c407c2cedff20999df2af8eb42d56 -> 
========================================================================
Received Prepare
Begin MonoManager ReloadAssembly
Symbol file LoadedFromMemory doesn't match image Z:\Tareas de Mariel\Programacion\GitHub_Projects\TW\Library\PackageCache\com.unity.visualscripting@1.8.0\Editor\VisualScripting.Core\Dependencies\YamlDotNet\Unity.VisualScripting.YamlDotNet.dll
Symbol file LoadedFromMemory is not a mono symbol file
Symbol file LoadedFromMemory is not a mono symbol file
Symbol file LoadedFromMemory doesn't match image Z:\Tareas de Mariel\Programacion\GitHub_Projects\TW\Library\PackageCache\com.unity.visualscripting@1.8.0\Editor\VisualScripting.Core\Dependencies\DotNetZip\Unity.VisualScripting.IonicZip.dll
Symbol file LoadedFromMemory is not a mono symbol file
Symbol file LoadedFromMemory is not a mono symbol file
- Loaded All Assemblies, in  1.481 seconds
Refreshing native plugins compatible for Editor in 29.14 ms, found 4 plugins.
Native extension for WindowsStandalone target not found
[Package Manager] Server::EnsureServerProcessIsRunning -- launch failed, reason: Unity was launched with the -noUpm command-line argument
[Package Manager] UpmClient::Send -- Unable to send message (not connected to UPM process).
[Package Manager] Cannot connect to Unity Package Manager local server
Mono: successfully reloaded assembly
- Finished resetting the current domain, in  1.887 seconds
Domain Reload Profiling: 3352ms
	BeginReloadAssembly (264ms)
		ExecutionOrderSort (0ms)
		DisableScriptedObjects (8ms)
		BackupInstance (0ms)
		ReleaseScriptingObjects (0ms)
		CreateAndSetChildDomain (57ms)
	RebuildCommonClasses (68ms)
	RebuildNativeTypeToScriptingClass (21ms)
	initialDomainReloadingComplete (92ms)
	LoadAllAssembliesAndSetupDomain (1019ms)
		LoadAssemblies (664ms)
		RebuildTransferFunctionScriptingTraits (0ms)
		AnalyzeDomain (462ms)
			TypeCache.Refresh (450ms)
				TypeCache.ScanAssembly (430ms)
			ScanForSourceGeneratedMonoScriptInfo (4ms)
			ResolveRequiredComponents (7ms)
	FinalizeReload (1888ms)
		ReleaseScriptCaches (0ms)
		RebuildScriptCaches (0ms)
		SetupLoadedEditorAssemblies (714ms)
			LogAssemblyErrors (0ms)
			InitializePlatformSupportModulesInManaged (14ms)
			SetLoadedEditorAssemblies (6ms)
			RefreshPlugins (0ms)
			BeforeProcessingInitializeOnLoad (138ms)
			ProcessInitializeOnLoadAttributes (493ms)
			ProcessInitializeOnLoadMethodAttributes (32ms)
			AfterProcessingInitializeOnLoad (31ms)
			EditorAssembliesLoaded (0ms)
		ExecutionOrderSort2 (0ms)
		AwakeInstancesAfterBackupRestoration (11ms)
Refreshing native plugins compatible for Editor in 41.59 ms, found 4 plugins.
Preloading 0 native plugins for Editor in 0.00 ms.
Unloading 3164 Unused Serialized files (Serialized files now loaded: 0)
Unloading 52 unused Assets / (45.7 KB). Loaded Objects now: 3714.
Memory consumption went from 120.4 MB to 120.4 MB.
Total: 4.745700 ms (FindLiveObjects: 0.365800 ms CreateObjectMapping: 0.173000 ms MarkObjects: 4.099700 ms  DeleteObjects: 0.106000 ms)

Prepare: number of updated asset objects reloaded= 0
AssetImportParameters requested are different than current active one (requested -> active):
  custom:container-demuxer-ogg: 62fdf1f143b41e24485cea50d1cbac27 -> 
  custom:video-decoder-ogg-theora: a1e56fd34408186e4bbccfd4996cb3dc -> 
  custom:framework-win-MediaFoundation: 216162199b28c13a410421893ffa2e32 -> 
  custom:CustomObjectIndexerAttribute: 756ad292c208cfabdd7b50bc23989ffe -> 
  custom:container-demuxer-webm: 4f35f7cbe854078d1ac9338744f61a02 -> 
  custom:FusionILWeaverTriggerImporter/ConfigHash: b0b173a93bb19085723cb3d421b3a13b -> 
  custom:container-muxer-webm: aa71ff27fc2769a1b78a27578f13a17b -> 
  custom:video-decoder-webm-vp8: 9c59270c3fd7afecdb556c50c9e8de78 -> 
  custom:AudioImporter_EditorPlatform: d09bf68614088b80899f8185d706f6e7 -> 
  custom:video-encoder-webm-vp8: eb34c28f22e8b96e1ab97ce403110664 -> 
  custom:audio-decoder-ogg-vorbis: bf7c407c2cedff20999df2af8eb42d56 -> 
  custom:Fusion.ScriptOrderDependency: 55ac1e3551dde8e220c3b2c8c3ef1b03 -> 
  custom:Fusion.PrefabsDependency: a191e681db5c6b9b09063bbcf35a6fb9 -> 
  custom:audio-encoder-webm-vorbis: bf7c407c2cedff20999df2af8eb42d56 -> 
========================================================================
Received Import Request.
  Time since last request: 21687.329526 seconds.
  path: Assets/Prefabs/Player.prefab
  artifactKey: Guid(82e6a593e20493d46854c266e2e23a58) Importer(815301076,1909f56bfc062723c751e8b465ee728b)
Start importing Assets/Prefabs/Player.prefab using Guid(82e6a593e20493d46854c266e2e23a58) Importer(815301076,1909f56bfc062723c751e8b465ee728b)  -> (artifact id: '4656c618e36e195096cc0f9e97dcedbc') in 0.665057 seconds
Internal: There are remaining Allocations on the JobTempAlloc. This is a leak, and will impact performance
To Debug, run app with -diag-job-temp-memory-leak-validation cmd line argument. This will output the callstacks of the leaked allocations.
Number of updated asset objects reloaded before import = 0
Number of asset objects unloaded after import = 119
========================================================================
Received Prepare
Refreshing native plugins compatible for Editor in 35.78 ms, found 4 plugins.
Preloading 0 native plugins for Editor in 0.00 ms.
Unloading 0 Unused Serialized files (Serialized files now loaded: 0)
Unloading 3 unused Assets / (2.7 KB). Loaded Objects now: 3723.
Memory consumption went from 75.7 MB to 75.7 MB.
Total: 5.531600 ms (FindLiveObjects: 0.396600 ms CreateObjectMapping: 0.242300 ms MarkObjects: 4.820100 ms  DeleteObjects: 0.071100 ms)

Prepare: number of updated asset objects reloaded= 0
AssetImportParameters requested are different than current active one (requested -> active):
  custom:container-demuxer-ogg: 62fdf1f143b41e24485cea50d1cbac27 -> 
  custom:video-decoder-ogg-theora: a1e56fd34408186e4bbccfd4996cb3dc -> 
  custom:framework-win-MediaFoundation: 216162199b28c13a410421893ffa2e32 -> 
  custom:CustomObjectIndexerAttribute: 756ad292c208cfabdd7b50bc23989ffe -> 
  custom:container-demuxer-webm: 4f35f7cbe854078d1ac9338744f61a02 -> 
  custom:FusionILWeaverTriggerImporter/ConfigHash: b0b173a93bb19085723cb3d421b3a13b -> 
  custom:container-muxer-webm: aa71ff27fc2769a1b78a27578f13a17b -> 
  custom:video-decoder-webm-vp8: 9c59270c3fd7afecdb556c50c9e8de78 -> 
  custom:AudioImporter_EditorPlatform: d09bf68614088b80899f8185d706f6e7 -> 
  custom:video-encoder-webm-vp8: eb34c28f22e8b96e1ab97ce403110664 -> 
  custom:audio-decoder-ogg-vorbis: bf7c407c2cedff20999df2af8eb42d56 -> 
  custom:Fusion.ScriptOrderDependency: 55ac1e3551dde8e220c3b2c8c3ef1b03 -> 
  custom:Fusion.PrefabsDependency: a191e681db5c6b9b09063bbcf35a6fb9 -> 
  custom:audio-encoder-webm-vorbis: bf7c407c2cedff20999df2af8eb42d56 -> 
========================================================================
Received Prepare
Begin MonoManager ReloadAssembly
Symbol file LoadedFromMemory doesn't match image Z:\Tareas de Mariel\Programacion\GitHub_Projects\TW\Library\PackageCache\com.unity.visualscripting@1.8.0\Editor\VisualScripting.Core\Dependencies\YamlDotNet\Unity.VisualScripting.YamlDotNet.dll
Symbol file LoadedFromMemory is not a mono symbol file
Symbol file LoadedFromMemory is not a mono symbol file
Symbol file LoadedFromMemory doesn't match image Z:\Tareas de Mariel\Programacion\GitHub_Projects\TW\Library\PackageCache\com.unity.visualscripting@1.8.0\Editor\VisualScripting.Core\Dependencies\DotNetZip\Unity.VisualScripting.IonicZip.dll
Symbol file LoadedFromMemory is not a mono symbol file
Symbol file LoadedFromMemory is not a mono symbol file
- Loaded All Assemblies, in  1.668 seconds
Refreshing native plugins compatible for Editor in 48.37 ms, found 4 plugins.
Native extension for WindowsStandalone target not found
[Package Manager] Server::EnsureServerProcessIsRunning -- launch failed, reason: Unity was launched with the -noUpm command-line argument
[Package Manager] UpmClient::Send -- Unable to send message (not connected to UPM process).
[Package Manager] Cannot connect to Unity Package Manager local server
Mono: successfully reloaded assembly
- Finished resetting the current domain, in  2.758 seconds
Domain Reload Profiling: 4405ms
	BeginReloadAssembly (291ms)
		ExecutionOrderSort (0ms)
		DisableScriptedObjects (8ms)
		BackupInstance (0ms)
		ReleaseScriptingObjects (0ms)
		CreateAndSetChildDomain (68ms)
	RebuildCommonClasses (71ms)
	RebuildNativeTypeToScriptingClass (19ms)
	initialDomainReloadingComplete (100ms)
	LoadAllAssembliesAndSetupDomain (1165ms)
		LoadAssemblies (690ms)
		RebuildTransferFunctionScriptingTraits (0ms)
		AnalyzeDomain (585ms)
			TypeCache.Refresh (570ms)
				TypeCache.ScanAssembly (544ms)
			ScanForSourceGeneratedMonoScriptInfo (0ms)
			ResolveRequiredComponents (15ms)
	FinalizeReload (2759ms)
		ReleaseScriptCaches (0ms)
		RebuildScriptCaches (0ms)
		SetupLoadedEditorAssemblies (1153ms)
			LogAssemblyErrors (0ms)
			InitializePlatformSupportModulesInManaged (14ms)
			SetLoadedEditorAssemblies (5ms)
			RefreshPlugins (0ms)
			BeforeProcessingInitializeOnLoad (173ms)
			ProcessInitializeOnLoadAttributes (843ms)
			ProcessInitializeOnLoadMethodAttributes (59ms)
			AfterProcessingInitializeOnLoad (58ms)
			EditorAssembliesLoaded (1ms)
		ExecutionOrderSort2 (0ms)
		AwakeInstancesAfterBackupRestoration (14ms)
Refreshing native plugins compatible for Editor in 47.05 ms, found 4 plugins.
Preloading 0 native plugins for Editor in 0.00 ms.
Unloading 3164 Unused Serialized files (Serialized files now loaded: 0)
Unloading 52 unused Assets / (45.8 KB). Loaded Objects now: 3725.
Memory consumption went from 125.2 MB to 125.1 MB.
Total: 8.883200 ms (FindLiveObjects: 0.661300 ms CreateObjectMapping: 0.586400 ms MarkObjects: 7.445300 ms  DeleteObjects: 0.188200 ms)

Prepare: number of updated asset objects reloaded= 0
AssetImportParameters requested are different than current active one (requested -> active):
  custom:container-demuxer-ogg: 62fdf1f143b41e24485cea50d1cbac27 -> 
  custom:video-decoder-ogg-theora: a1e56fd34408186e4bbccfd4996cb3dc -> 
  custom:framework-win-MediaFoundation: 216162199b28c13a410421893ffa2e32 -> 
  custom:CustomObjectIndexerAttribute: 756ad292c208cfabdd7b50bc23989ffe -> 
  custom:container-demuxer-webm: 4f35f7cbe854078d1ac9338744f61a02 -> 
  custom:FusionILWeaverTriggerImporter/ConfigHash: b0b173a93bb19085723cb3d421b3a13b -> 
  custom:container-muxer-webm: aa71ff27fc2769a1b78a27578f13a17b -> 
  custom:video-decoder-webm-vp8: 9c59270c3fd7afecdb556c50c9e8de78 -> 
  custom:AudioImporter_EditorPlatform: d09bf68614088b80899f8185d706f6e7 -> 
  custom:video-encoder-webm-vp8: eb34c28f22e8b96e1ab97ce403110664 -> 
  custom:audio-decoder-ogg-vorbis: bf7c407c2cedff20999df2af8eb42d56 -> 
  custom:Fusion.ScriptOrderDependency: 55ac1e3551dde8e220c3b2c8c3ef1b03 -> 
  custom:Fusion.PrefabsDependency: a191e681db5c6b9b09063bbcf35a6fb9 -> 
  custom:audio-encoder-webm-vorbis: bf7c407c2cedff20999df2af8eb42d56 -> 
========================================================================
Received Prepare
Begin MonoManager ReloadAssembly
Symbol file LoadedFromMemory doesn't match image Z:\Tareas de Mariel\Programacion\GitHub_Projects\TW\Library\PackageCache\com.unity.visualscripting@1.8.0\Editor\VisualScripting.Core\Dependencies\YamlDotNet\Unity.VisualScripting.YamlDotNet.dll
Symbol file LoadedFromMemory is not a mono symbol file
Symbol file LoadedFromMemory is not a mono symbol file
Symbol file LoadedFromMemory doesn't match image Z:\Tareas de Mariel\Programacion\GitHub_Projects\TW\Library\PackageCache\com.unity.visualscripting@1.8.0\Editor\VisualScripting.Core\Dependencies\DotNetZip\Unity.VisualScripting.IonicZip.dll
Symbol file LoadedFromMemory is not a mono symbol file
Symbol file LoadedFromMemory is not a mono symbol file
- Loaded All Assemblies, in  1.772 seconds
Refreshing native plugins compatible for Editor in 59.10 ms, found 4 plugins.
Native extension for WindowsStandalone target not found
[Package Manager] Server::EnsureServerProcessIsRunning -- launch failed, reason: Unity was launched with the -noUpm command-line argument
[Package Manager] UpmClient::Send -- Unable to send message (not connected to UPM process).
[Package Manager] Cannot connect to Unity Package Manager local server
Mono: successfully reloaded assembly
- Finished resetting the current domain, in  4.350 seconds
Domain Reload Profiling: 6104ms
	BeginReloadAssembly (276ms)
		ExecutionOrderSort (0ms)
		DisableScriptedObjects (11ms)
		BackupInstance (0ms)
		ReleaseScriptingObjects (0ms)
		CreateAndSetChildDomain (63ms)
	RebuildCommonClasses (70ms)
	RebuildNativeTypeToScriptingClass (22ms)
	initialDomainReloadingComplete (103ms)
	LoadAllAssembliesAndSetupDomain (1284ms)
		LoadAssemblies (686ms)
		RebuildTransferFunctionScriptingTraits (0ms)
		AnalyzeDomain (701ms)
			TypeCache.Refresh (685ms)
				TypeCache.ScanAssembly (653ms)
			ScanForSourceGeneratedMonoScriptInfo (0ms)
			ResolveRequiredComponents (16ms)
	FinalizeReload (4351ms)
		ReleaseScriptCaches (0ms)
		RebuildScriptCaches (0ms)
		SetupLoadedEditorAssemblies (1523ms)
			LogAssemblyErrors (0ms)
			InitializePlatformSupportModulesInManaged (28ms)
			SetLoadedEditorAssemblies (8ms)
			RefreshPlugins (0ms)
			BeforeProcessingInitializeOnLoad (275ms)
			ProcessInitializeOnLoadAttributes (1128ms)
			ProcessInitializeOnLoadMethodAttributes (45ms)
			AfterProcessingInitializeOnLoad (39ms)
			EditorAssembliesLoaded (1ms)
		ExecutionOrderSort2 (0ms)
		AwakeInstancesAfterBackupRestoration (12ms)
Refreshing native plugins compatible for Editor in 48.64 ms, found 4 plugins.
Preloading 0 native plugins for Editor in 0.00 ms.
Unloading 3164 Unused Serialized files (Serialized files now loaded: 0)
Unloading 52 unused Assets / (45.8 KB). Loaded Objects now: 3728.
Memory consumption went from 125.2 MB to 125.1 MB.
Total: 9.606500 ms (FindLiveObjects: 1.102800 ms CreateObjectMapping: 2.014800 ms MarkObjects: 6.291600 ms  DeleteObjects: 0.193900 ms)

Prepare: number of updated asset objects reloaded= 0
AssetImportParameters requested are different than current active one (requested -> active):
  custom:container-demuxer-ogg: 62fdf1f143b41e24485cea50d1cbac27 -> 
  custom:video-decoder-ogg-theora: a1e56fd34408186e4bbccfd4996cb3dc -> 
  custom:framework-win-MediaFoundation: 216162199b28c13a410421893ffa2e32 -> 
  custom:CustomObjectIndexerAttribute: 756ad292c208cfabdd7b50bc23989ffe -> 
  custom:container-demuxer-webm: 4f35f7cbe854078d1ac9338744f61a02 -> 
  custom:FusionILWeaverTriggerImporter/ConfigHash: b0b173a93bb19085723cb3d421b3a13b -> 
  custom:container-muxer-webm: aa71ff27fc2769a1b78a27578f13a17b -> 
  custom:video-decoder-webm-vp8: 9c59270c3fd7afecdb556c50c9e8de78 -> 
  custom:AudioImporter_EditorPlatform: d09bf68614088b80899f8185d706f6e7 -> 
  custom:video-encoder-webm-vp8: eb34c28f22e8b96e1ab97ce403110664 -> 
  custom:audio-decoder-ogg-vorbis: bf7c407c2cedff20999df2af8eb42d56 -> 
  custom:Fusion.ScriptOrderDependency: 55ac1e3551dde8e220c3b2c8c3ef1b03 -> 
  custom:Fusion.PrefabsDependency: a191e681db5c6b9b09063bbcf35a6fb9 -> 
  custom:audio-encoder-webm-vorbis: bf7c407c2cedff20999df2af8eb42d56 -> 
========================================================================
Received Import Request.
  Time since last request: 4816.300835 seconds.
  path: Assets/Art/Materials/muroirrom/muro insdustro_muro_indestru_AlbedoTransparency.png
  artifactKey: Guid(62ab3a73c631f754d8635c373732fe1a) Importer(815301076,1909f56bfc062723c751e8b465ee728b)
Start importing Assets/Art/Materials/muroirrom/muro insdustro_muro_indestru_AlbedoTransparency.png using Guid(62ab3a73c631f754d8635c373732fe1a) Importer(815301076,1909f56bfc062723c751e8b465ee728b)  -> (artifact id: 'be6c3c43b69e5c247b16e4e48668a4e0') in 0.380761 seconds
Number of updated asset objects reloaded before import = 0
Number of asset objects unloaded after import = 2
========================================================================
Received Prepare
Begin MonoManager ReloadAssembly
Symbol file LoadedFromMemory doesn't match image Z:\Tareas de Mariel\Programacion\GitHub_Projects\TW\Library\PackageCache\com.unity.visualscripting@1.8.0\Editor\VisualScripting.Core\Dependencies\YamlDotNet\Unity.VisualScripting.YamlDotNet.dll
Symbol file LoadedFromMemory is not a mono symbol file
Symbol file LoadedFromMemory is not a mono symbol file
Symbol file LoadedFromMemory doesn't match image Z:\Tareas de Mariel\Programacion\GitHub_Projects\TW\Library\PackageCache\com.unity.visualscripting@1.8.0\Editor\VisualScripting.Core\Dependencies\DotNetZip\Unity.VisualScripting.IonicZip.dll
Symbol file LoadedFromMemory is not a mono symbol file
Symbol file LoadedFromMemory is not a mono symbol file
- Loaded All Assemblies, in  4.299 seconds
Refreshing native plugins compatible for Editor in 38.36 ms, found 4 plugins.
Native extension for WindowsStandalone target not found
[Package Manager] Server::EnsureServerProcessIsRunning -- launch failed, reason: Unity was launched with the -noUpm command-line argument
[Package Manager] UpmClient::Send -- Unable to send message (not connected to UPM process).
[Package Manager] Cannot connect to Unity Package Manager local server
Mono: successfully reloaded assembly
- Finished resetting the current domain, in  7.731 seconds
Domain Reload Profiling: 12010ms
	BeginReloadAssembly (1109ms)
		ExecutionOrderSort (0ms)
		DisableScriptedObjects (28ms)
		BackupInstance (0ms)
		ReleaseScriptingObjects (0ms)
		CreateAndSetChildDomain (578ms)
	RebuildCommonClasses (115ms)
	RebuildNativeTypeToScriptingClass (24ms)
	initialDomainReloadingComplete (202ms)
	LoadAllAssembliesAndSetupDomain (2827ms)
		LoadAssemblies (1673ms)
		RebuildTransferFunctionScriptingTraits (0ms)
		AnalyzeDomain (1374ms)
			TypeCache.Refresh (1354ms)
				TypeCache.ScanAssembly (1191ms)
			ScanForSourceGeneratedMonoScriptInfo (11ms)
			ResolveRequiredComponents (9ms)
	FinalizeReload (7733ms)
		ReleaseScriptCaches (0ms)
		RebuildScriptCaches (0ms)
		SetupLoadedEditorAssemblies (1232ms)
			LogAssemblyErrors (0ms)
			InitializePlatformSupportModulesInManaged (20ms)
			SetLoadedEditorAssemblies (20ms)
			RefreshPlugins (0ms)
			BeforeProcessingInitializeOnLoad (127ms)
			ProcessInitializeOnLoadAttributes (966ms)
			ProcessInitializeOnLoadMethodAttributes (57ms)
			AfterProcessingInitializeOnLoad (42ms)
			EditorAssembliesLoaded (0ms)
		ExecutionOrderSort2 (0ms)
		AwakeInstancesAfterBackupRestoration (12ms)
Refreshing native plugins compatible for Editor in 1223.64 ms, found 4 plugins.
Preloading 0 native plugins for Editor in 0.00 ms.
Unloading 3163 Unused Serialized files (Serialized files now loaded: 0)
Unloading 52 unused Assets / (45.9 KB). Loaded Objects now: 3732.
Memory consumption went from 124.9 MB to 124.9 MB.
Total: 13.327800 ms (FindLiveObjects: 0.475100 ms CreateObjectMapping: 0.713500 ms MarkObjects: 11.934300 ms  DeleteObjects: 0.202400 ms)

Prepare: number of updated asset objects reloaded= 0
AssetImportParameters requested are different than current active one (requested -> active):
  custom:container-demuxer-ogg: 62fdf1f143b41e24485cea50d1cbac27 -> 
  custom:video-decoder-ogg-theora: a1e56fd34408186e4bbccfd4996cb3dc -> 
  custom:framework-win-MediaFoundation: 216162199b28c13a410421893ffa2e32 -> 
  custom:CustomObjectIndexerAttribute: 756ad292c208cfabdd7b50bc23989ffe -> 
  custom:container-demuxer-webm: 4f35f7cbe854078d1ac9338744f61a02 -> 
  custom:FusionILWeaverTriggerImporter/ConfigHash: b0b173a93bb19085723cb3d421b3a13b -> 
  custom:container-muxer-webm: aa71ff27fc2769a1b78a27578f13a17b -> 
  custom:video-decoder-webm-vp8: 9c59270c3fd7afecdb556c50c9e8de78 -> 
  custom:AudioImporter_EditorPlatform: d09bf68614088b80899f8185d706f6e7 -> 
  custom:video-encoder-webm-vp8: eb34c28f22e8b96e1ab97ce403110664 -> 
  custom:audio-decoder-ogg-vorbis: bf7c407c2cedff20999df2af8eb42d56 -> 
  custom:Fusion.ScriptOrderDependency: 55ac1e3551dde8e220c3b2c8c3ef1b03 -> 
  custom:Fusion.PrefabsDependency: a191e681db5c6b9b09063bbcf35a6fb9 -> 
  custom:audio-encoder-webm-vorbis: bf7c407c2cedff20999df2af8eb42d56 -> 
========================================================================
Received Prepare
Refreshing native plugins compatible for Editor in 52.75 ms, found 4 plugins.
Preloading 0 native plugins for Editor in 0.00 ms.
Unloading 1 Unused Serialized files (Serialized files now loaded: 0)
Unloading 1 unused Assets / (3.0 KB). Loaded Objects now: 3732.
Memory consumption went from 75.8 MB to 75.8 MB.
Total: 8.765700 ms (FindLiveObjects: 0.471000 ms CreateObjectMapping: 0.497500 ms MarkObjects: 7.768100 ms  DeleteObjects: 0.027900 ms)

Prepare: number of updated asset objects reloaded= 0
AssetImportParameters requested are different than current active one (requested -> active):
  custom:container-demuxer-ogg: 62fdf1f143b41e24485cea50d1cbac27 -> 
  custom:video-decoder-ogg-theora: a1e56fd34408186e4bbccfd4996cb3dc -> 
  custom:framework-win-MediaFoundation: 216162199b28c13a410421893ffa2e32 -> 
  custom:CustomObjectIndexerAttribute: 756ad292c208cfabdd7b50bc23989ffe -> 
  custom:container-demuxer-webm: 4f35f7cbe854078d1ac9338744f61a02 -> 
  custom:FusionILWeaverTriggerImporter/ConfigHash: b0b173a93bb19085723cb3d421b3a13b -> 
  custom:container-muxer-webm: aa71ff27fc2769a1b78a27578f13a17b -> 
  custom:video-decoder-webm-vp8: 9c59270c3fd7afecdb556c50c9e8de78 -> 
  custom:AudioImporter_EditorPlatform: d09bf68614088b80899f8185d706f6e7 -> 
  custom:video-encoder-webm-vp8: eb34c28f22e8b96e1ab97ce403110664 -> 
  custom:audio-decoder-ogg-vorbis: bf7c407c2cedff20999df2af8eb42d56 -> 
  custom:Fusion.ScriptOrderDependency: 55ac1e3551dde8e220c3b2c8c3ef1b03 -> 
  custom:Fusion.PrefabsDependency: a191e681db5c6b9b09063bbcf35a6fb9 -> 
  custom:audio-encoder-webm-vorbis: bf7c407c2cedff20999df2af8eb42d56 -> 
========================================================================
Received Prepare
Begin MonoManager ReloadAssembly
Symbol file LoadedFromMemory doesn't match image Z:\Tareas de Mariel\Programacion\GitHub_Projects\TW\Library\PackageCache\com.unity.visualscripting@1.8.0\Editor\VisualScripting.Core\Dependencies\YamlDotNet\Unity.VisualScripting.YamlDotNet.dll
Symbol file LoadedFromMemory is not a mono symbol file
Symbol file LoadedFromMemory is not a mono symbol file
Symbol file LoadedFromMemory doesn't match image Z:\Tareas de Mariel\Programacion\GitHub_Projects\TW\Library\PackageCache\com.unity.visualscripting@1.8.0\Editor\VisualScripting.Core\Dependencies\DotNetZip\Unity.VisualScripting.IonicZip.dll
Symbol file LoadedFromMemory is not a mono symbol file
Symbol file LoadedFromMemory is not a mono symbol file
- Loaded All Assemblies, in  1.948 seconds
Refreshing native plugins compatible for Editor in 46.42 ms, found 4 plugins.
Native extension for WindowsStandalone target not found
[Package Manager] Server::EnsureServerProcessIsRunning -- launch failed, reason: Unity was launched with the -noUpm command-line argument
[Package Manager] UpmClient::Send -- Unable to send message (not connected to UPM process).
[Package Manager] Cannot connect to Unity Package Manager local server
Mono: successfully reloaded assembly
- Finished resetting the current domain, in  2.579 seconds
Domain Reload Profiling: 4513ms
	BeginReloadAssembly (338ms)
		ExecutionOrderSort (0ms)
		DisableScriptedObjects (8ms)
		BackupInstance (0ms)
		ReleaseScriptingObjects (0ms)
		CreateAndSetChildDomain (105ms)
	RebuildCommonClasses (66ms)
	RebuildNativeTypeToScriptingClass (21ms)
	initialDomainReloadingComplete (87ms)
	LoadAllAssembliesAndSetupDomain (1422ms)
		LoadAssemblies (902ms)
		RebuildTransferFunctionScriptingTraits (0ms)
		AnalyzeDomain (632ms)
			TypeCache.Refresh (615ms)
				TypeCache.ScanAssembly (590ms)
			ScanForSourceGeneratedMonoScriptInfo (0ms)
			ResolveRequiredComponents (17ms)
	FinalizeReload (2580ms)
		ReleaseScriptCaches (0ms)
		RebuildScriptCaches (0ms)
		SetupLoadedEditorAssemblies (914ms)
			LogAssemblyErrors (0ms)
			InitializePlatformSupportModulesInManaged (16ms)
			SetLoadedEditorAssemblies (7ms)
			RefreshPlugins (0ms)
			BeforeProcessingInitializeOnLoad (143ms)
			ProcessInitializeOnLoadAttributes (653ms)
			ProcessInitializeOnLoadMethodAttributes (51ms)
			AfterProcessingInitializeOnLoad (43ms)
			EditorAssembliesLoaded (0ms)
		ExecutionOrderSort2 (0ms)
		AwakeInstancesAfterBackupRestoration (12ms)
Refreshing native plugins compatible for Editor in 41.46 ms, found 4 plugins.
Preloading 0 native plugins for Editor in 0.00 ms.
Unloading 3164 Unused Serialized files (Serialized files now loaded: 0)
Unloading 52 unused Assets / (45.8 KB). Loaded Objects now: 3735.
Memory consumption went from 125.2 MB to 125.1 MB.
Total: 7.740800 ms (FindLiveObjects: 0.693600 ms CreateObjectMapping: 0.565400 ms MarkObjects: 6.293700 ms  DeleteObjects: 0.185400 ms)

Prepare: number of updated asset objects reloaded= 0
AssetImportParameters requested are different than current active one (requested -> active):
  custom:container-demuxer-ogg: 62fdf1f143b41e24485cea50d1cbac27 -> 
  custom:video-decoder-ogg-theora: a1e56fd34408186e4bbccfd4996cb3dc -> 
  custom:framework-win-MediaFoundation: 216162199b28c13a410421893ffa2e32 -> 
  custom:CustomObjectIndexerAttribute: 756ad292c208cfabdd7b50bc23989ffe -> 
  custom:container-demuxer-webm: 4f35f7cbe854078d1ac9338744f61a02 -> 
  custom:FusionILWeaverTriggerImporter/ConfigHash: b0b173a93bb19085723cb3d421b3a13b -> 
  custom:container-muxer-webm: aa71ff27fc2769a1b78a27578f13a17b -> 
  custom:video-decoder-webm-vp8: 9c59270c3fd7afecdb556c50c9e8de78 -> 
  custom:AudioImporter_EditorPlatform: d09bf68614088b80899f8185d706f6e7 -> 
  custom:video-encoder-webm-vp8: eb34c28f22e8b96e1ab97ce403110664 -> 
  custom:audio-decoder-ogg-vorbis: bf7c407c2cedff20999df2af8eb42d56 -> 
  custom:Fusion.ScriptOrderDependency: 55ac1e3551dde8e220c3b2c8c3ef1b03 -> 
  custom:Fusion.PrefabsDependency: a191e681db5c6b9b09063bbcf35a6fb9 -> 
  custom:audio-encoder-webm-vorbis: bf7c407c2cedff20999df2af8eb42d56 -> 
========================================================================
Received Prepare
Begin MonoManager ReloadAssembly
Symbol file LoadedFromMemory doesn't match image Z:\Tareas de Mariel\Programacion\GitHub_Projects\TW\Library\PackageCache\com.unity.visualscripting@1.8.0\Editor\VisualScripting.Core\Dependencies\YamlDotNet\Unity.VisualScripting.YamlDotNet.dll
Symbol file LoadedFromMemory is not a mono symbol file
Symbol file LoadedFromMemory is not a mono symbol file
Symbol file LoadedFromMemory doesn't match image Z:\Tareas de Mariel\Programacion\GitHub_Projects\TW\Library\PackageCache\com.unity.visualscripting@1.8.0\Editor\VisualScripting.Core\Dependencies\DotNetZip\Unity.VisualScripting.IonicZip.dll
Symbol file LoadedFromMemory is not a mono symbol file
Symbol file LoadedFromMemory is not a mono symbol file
- Loaded All Assemblies, in  1.605 seconds
Refreshing native plugins compatible for Editor in 40.84 ms, found 4 plugins.
Native extension for WindowsStandalone target not found
[Package Manager] Server::EnsureServerProcessIsRunning -- launch failed, reason: Unity was launched with the -noUpm command-line argument
[Package Manager] UpmClient::Send -- Unable to send message (not connected to UPM process).
[Package Manager] Cannot connect to Unity Package Manager local server
Mono: successfully reloaded assembly
- Finished resetting the current domain, in  2.614 seconds
Domain Reload Profiling: 4203ms
	BeginReloadAssembly (262ms)
		ExecutionOrderSort (0ms)
		DisableScriptedObjects (10ms)
		BackupInstance (0ms)
		ReleaseScriptingObjects (0ms)
		CreateAndSetChildDomain (58ms)
	RebuildCommonClasses (63ms)
	RebuildNativeTypeToScriptingClass (18ms)
	initialDomainReloadingComplete (88ms)
	LoadAllAssembliesAndSetupDomain (1157ms)
		LoadAssemblies (666ms)
		RebuildTransferFunctionScriptingTraits (0ms)
		AnalyzeDomain (587ms)
			TypeCache.Refresh (569ms)
				TypeCache.ScanAssembly (544ms)
			ScanForSourceGeneratedMonoScriptInfo (0ms)
			ResolveRequiredComponents (17ms)
	FinalizeReload (2615ms)
		ReleaseScriptCaches (0ms)
		RebuildScriptCaches (0ms)
		SetupLoadedEditorAssemblies (1065ms)
			LogAssemblyErrors (0ms)
			InitializePlatformSupportModulesInManaged (16ms)
			SetLoadedEditorAssemblies (7ms)
			RefreshPlugins (0ms)
			BeforeProcessingInitializeOnLoad (158ms)
			ProcessInitializeOnLoadAttributes (787ms)
			ProcessInitializeOnLoadMethodAttributes (56ms)
			AfterProcessingInitializeOnLoad (42ms)
			EditorAssembliesLoaded (1ms)
		ExecutionOrderSort2 (0ms)
		AwakeInstancesAfterBackupRestoration (13ms)
Refreshing native plugins compatible for Editor in 44.65 ms, found 4 plugins.
Preloading 0 native plugins for Editor in 0.00 ms.
Unloading 3164 Unused Serialized files (Serialized files now loaded: 0)
Unloading 52 unused Assets / (45.9 KB). Loaded Objects now: 3738.
Memory consumption went from 125.2 MB to 125.1 MB.
Total: 7.200400 ms (FindLiveObjects: 0.747700 ms CreateObjectMapping: 0.240400 ms MarkObjects: 6.054400 ms  DeleteObjects: 0.155600 ms)

Prepare: number of updated asset objects reloaded= 0
AssetImportParameters requested are different than current active one (requested -> active):
  custom:container-demuxer-ogg: 62fdf1f143b41e24485cea50d1cbac27 -> 
  custom:video-decoder-ogg-theora: a1e56fd34408186e4bbccfd4996cb3dc -> 
  custom:framework-win-MediaFoundation: 216162199b28c13a410421893ffa2e32 -> 
  custom:CustomObjectIndexerAttribute: 756ad292c208cfabdd7b50bc23989ffe -> 
  custom:container-demuxer-webm: 4f35f7cbe854078d1ac9338744f61a02 -> 
  custom:FusionILWeaverTriggerImporter/ConfigHash: b0b173a93bb19085723cb3d421b3a13b -> 
  custom:container-muxer-webm: aa71ff27fc2769a1b78a27578f13a17b -> 
  custom:video-decoder-webm-vp8: 9c59270c3fd7afecdb556c50c9e8de78 -> 
  custom:AudioImporter_EditorPlatform: d09bf68614088b80899f8185d706f6e7 -> 
  custom:video-encoder-webm-vp8: eb34c28f22e8b96e1ab97ce403110664 -> 
  custom:audio-decoder-ogg-vorbis: bf7c407c2cedff20999df2af8eb42d56 -> 
  custom:Fusion.ScriptOrderDependency: 55ac1e3551dde8e220c3b2c8c3ef1b03 -> 
  custom:Fusion.PrefabsDependency: a191e681db5c6b9b09063bbcf35a6fb9 -> 
  custom:audio-encoder-webm-vorbis: bf7c407c2cedff20999df2af8eb42d56 -> 
========================================================================
Received Prepare
Begin MonoManager ReloadAssembly
Symbol file LoadedFromMemory doesn't match image Z:\Tareas de Mariel\Programacion\GitHub_Projects\TW\Library\PackageCache\com.unity.visualscripting@1.8.0\Editor\VisualScripting.Core\Dependencies\YamlDotNet\Unity.VisualScripting.YamlDotNet.dll
Symbol file LoadedFromMemory is not a mono symbol file
Symbol file LoadedFromMemory is not a mono symbol file
Symbol file LoadedFromMemory doesn't match image Z:\Tareas de Mariel\Programacion\GitHub_Projects\TW\Library\PackageCache\com.unity.visualscripting@1.8.0\Editor\VisualScripting.Core\Dependencies\DotNetZip\Unity.VisualScripting.IonicZip.dll
Symbol file LoadedFromMemory is not a mono symbol file
Symbol file LoadedFromMemory is not a mono symbol file
- Loaded All Assemblies, in  1.727 seconds
Refreshing native plugins compatible for Editor in 31.45 ms, found 4 plugins.
Native extension for WindowsStandalone target not found
[Package Manager] Server::EnsureServerProcessIsRunning -- launch failed, reason: Unity was launched with the -noUpm command-line argument
[Package Manager] UpmClient::Send -- Unable to send message (not connected to UPM process).
[Package Manager] Cannot connect to Unity Package Manager local server
Mono: successfully reloaded assembly
- Finished resetting the current domain, in  1.810 seconds
Domain Reload Profiling: 3487ms
	BeginReloadAssembly (367ms)
		ExecutionOrderSort (0ms)
		DisableScriptedObjects (8ms)
		BackupInstance (0ms)
		ReleaseScriptingObjects (0ms)
		CreateAndSetChildDomain (120ms)
	RebuildCommonClasses (62ms)
	RebuildNativeTypeToScriptingClass (17ms)
	initialDomainReloadingComplete (83ms)
	LoadAllAssembliesAndSetupDomain (1146ms)
		LoadAssemblies (720ms)
		RebuildTransferFunctionScriptingTraits (0ms)
		AnalyzeDomain (545ms)
			TypeCache.Refresh (528ms)
				TypeCache.ScanAssembly (510ms)
			ScanForSourceGeneratedMonoScriptInfo (6ms)
			ResolveRequiredComponents (11ms)
	FinalizeReload (1811ms)
		ReleaseScriptCaches (0ms)
		RebuildScriptCaches (0ms)
		SetupLoadedEditorAssemblies (742ms)
			LogAssemblyErrors (0ms)
			InitializePlatformSupportModulesInManaged (11ms)
			SetLoadedEditorAssemblies (5ms)
			RefreshPlugins (0ms)
			BeforeProcessingInitializeOnLoad (131ms)
			ProcessInitializeOnLoadAttributes (533ms)
			ProcessInitializeOnLoadMethodAttributes (33ms)
			AfterProcessingInitializeOnLoad (28ms)
			EditorAssembliesLoaded (0ms)
		ExecutionOrderSort2 (0ms)
		AwakeInstancesAfterBackupRestoration (7ms)
Refreshing native plugins compatible for Editor in 27.54 ms, found 4 plugins.
Preloading 0 native plugins for Editor in 0.00 ms.
Unloading 3164 Unused Serialized files (Serialized files now loaded: 0)
Unloading 52 unused Assets / (45.8 KB). Loaded Objects now: 3741.
Memory consumption went from 125.2 MB to 125.1 MB.
Total: 4.434400 ms (FindLiveObjects: 0.363200 ms CreateObjectMapping: 0.117700 ms MarkObjects: 3.856900 ms  DeleteObjects: 0.095400 ms)

Prepare: number of updated asset objects reloaded= 0
AssetImportParameters requested are different than current active one (requested -> active):
  custom:container-demuxer-ogg: 62fdf1f143b41e24485cea50d1cbac27 -> 
  custom:video-decoder-ogg-theora: a1e56fd34408186e4bbccfd4996cb3dc -> 
  custom:framework-win-MediaFoundation: 216162199b28c13a410421893ffa2e32 -> 
  custom:CustomObjectIndexerAttribute: 756ad292c208cfabdd7b50bc23989ffe -> 
  custom:container-demuxer-webm: 4f35f7cbe854078d1ac9338744f61a02 -> 
  custom:FusionILWeaverTriggerImporter/ConfigHash: b0b173a93bb19085723cb3d421b3a13b -> 
  custom:container-muxer-webm: aa71ff27fc2769a1b78a27578f13a17b -> 
  custom:video-decoder-webm-vp8: 9c59270c3fd7afecdb556c50c9e8de78 -> 
  custom:AudioImporter_EditorPlatform: d09bf68614088b80899f8185d706f6e7 -> 
  custom:video-encoder-webm-vp8: eb34c28f22e8b96e1ab97ce403110664 -> 
  custom:audio-decoder-ogg-vorbis: bf7c407c2cedff20999df2af8eb42d56 -> 
  custom:Fusion.ScriptOrderDependency: 55ac1e3551dde8e220c3b2c8c3ef1b03 -> 
  custom:Fusion.PrefabsDependency: a191e681db5c6b9b09063bbcf35a6fb9 -> 
  custom:audio-encoder-webm-vorbis: bf7c407c2cedff20999df2af8eb42d56 -> 
========================================================================
Received Prepare
Begin MonoManager ReloadAssembly
Symbol file LoadedFromMemory doesn't match image Z:\Tareas de Mariel\Programacion\GitHub_Projects\TW\Library\PackageCache\com.unity.visualscripting@1.8.0\Editor\VisualScripting.Core\Dependencies\YamlDotNet\Unity.VisualScripting.YamlDotNet.dll
Symbol file LoadedFromMemory is not a mono symbol file
Symbol file LoadedFromMemory is not a mono symbol file
Symbol file LoadedFromMemory doesn't match image Z:\Tareas de Mariel\Programacion\GitHub_Projects\TW\Library\PackageCache\com.unity.visualscripting@1.8.0\Editor\VisualScripting.Core\Dependencies\DotNetZip\Unity.VisualScripting.IonicZip.dll
Symbol file LoadedFromMemory is not a mono symbol file
Symbol file LoadedFromMemory is not a mono symbol file
- Loaded All Assemblies, in  2.804 seconds
Refreshing native plugins compatible for Editor in 54.11 ms, found 4 plugins.
Native extension for WindowsStandalone target not found
[Package Manager] Server::EnsureServerProcessIsRunning -- launch failed, reason: Unity was launched with the -noUpm command-line argument
[Package Manager] UpmClient::Send -- Unable to send message (not connected to UPM process).
[Package Manager] Cannot connect to Unity Package Manager local server
Mono: successfully reloaded assembly
- Finished resetting the current domain, in  3.427 seconds
Domain Reload Profiling: 6207ms
	BeginReloadAssembly (364ms)
		ExecutionOrderSort (0ms)
		DisableScriptedObjects (8ms)
		BackupInstance (0ms)
		ReleaseScriptingObjects (0ms)
		CreateAndSetChildDomain (158ms)
	RebuildCommonClasses (210ms)
	RebuildNativeTypeToScriptingClass (24ms)
	initialDomainReloadingComplete (117ms)
	LoadAllAssembliesAndSetupDomain (2065ms)
		LoadAssemblies (1250ms)
		RebuildTransferFunctionScriptingTraits (0ms)
		AnalyzeDomain (901ms)
			TypeCache.Refresh (879ms)
				TypeCache.ScanAssembly (856ms)
			ScanForSourceGeneratedMonoScriptInfo (7ms)
			ResolveRequiredComponents (15ms)
	FinalizeReload (3428ms)
		ReleaseScriptCaches (0ms)
		RebuildScriptCaches (0ms)
		SetupLoadedEditorAssemblies (1491ms)
			LogAssemblyErrors (0ms)
			InitializePlatformSupportModulesInManaged (14ms)
			SetLoadedEditorAssemblies (11ms)
			RefreshPlugins (0ms)
			BeforeProcessingInitializeOnLoad (204ms)
			ProcessInitializeOnLoadAttributes (1118ms)
			ProcessInitializeOnLoadMethodAttributes (74ms)
			AfterProcessingInitializeOnLoad (69ms)
			EditorAssembliesLoaded (0ms)
		ExecutionOrderSort2 (0ms)
		AwakeInstancesAfterBackupRestoration (13ms)
Refreshing native plugins compatible for Editor in 34.03 ms, found 4 plugins.
Preloading 0 native plugins for Editor in 0.00 ms.
Unloading 3164 Unused Serialized files (Serialized files now loaded: 0)
Unloading 52 unused Assets / (45.8 KB). Loaded Objects now: 3744.
Memory consumption went from 125.2 MB to 125.1 MB.
Total: 4.646000 ms (FindLiveObjects: 0.362300 ms CreateObjectMapping: 0.148100 ms MarkObjects: 4.022400 ms  DeleteObjects: 0.111800 ms)

Prepare: number of updated asset objects reloaded= 0
AssetImportParameters requested are different than current active one (requested -> active):
  custom:container-demuxer-ogg: 62fdf1f143b41e24485cea50d1cbac27 -> 
  custom:video-decoder-ogg-theora: a1e56fd34408186e4bbccfd4996cb3dc -> 
  custom:framework-win-MediaFoundation: 216162199b28c13a410421893ffa2e32 -> 
  custom:CustomObjectIndexerAttribute: 756ad292c208cfabdd7b50bc23989ffe -> 
  custom:container-demuxer-webm: 4f35f7cbe854078d1ac9338744f61a02 -> 
  custom:FusionILWeaverTriggerImporter/ConfigHash: b0b173a93bb19085723cb3d421b3a13b -> 
  custom:container-muxer-webm: aa71ff27fc2769a1b78a27578f13a17b -> 
  custom:video-decoder-webm-vp8: 9c59270c3fd7afecdb556c50c9e8de78 -> 
  custom:AudioImporter_EditorPlatform: d09bf68614088b80899f8185d706f6e7 -> 
  custom:video-encoder-webm-vp8: eb34c28f22e8b96e1ab97ce403110664 -> 
  custom:audio-decoder-ogg-vorbis: bf7c407c2cedff20999df2af8eb42d56 -> 
  custom:Fusion.ScriptOrderDependency: 55ac1e3551dde8e220c3b2c8c3ef1b03 -> 
  custom:Fusion.PrefabsDependency: a191e681db5c6b9b09063bbcf35a6fb9 -> 
  custom:audio-encoder-webm-vorbis: bf7c407c2cedff20999df2af8eb42d56 -> 
========================================================================
Received Prepare
Refreshing native plugins compatible for Editor in 39.61 ms, found 4 plugins.
Preloading 0 native plugins for Editor in 0.00 ms.
Unloading 1 Unused Serialized files (Serialized files now loaded: 0)
Unloading 1 unused Assets / (3.1 KB). Loaded Objects now: 3744.
Memory consumption went from 75.8 MB to 75.8 MB.
Total: 5.301700 ms (FindLiveObjects: 0.390400 ms CreateObjectMapping: 0.215800 ms MarkObjects: 4.665000 ms  DeleteObjects: 0.028800 ms)

Prepare: number of updated asset objects reloaded= 0
AssetImportParameters requested are different than current active one (requested -> active):
  custom:container-demuxer-ogg: 62fdf1f143b41e24485cea50d1cbac27 -> 
  custom:video-decoder-ogg-theora: a1e56fd34408186e4bbccfd4996cb3dc -> 
  custom:framework-win-MediaFoundation: 216162199b28c13a410421893ffa2e32 -> 
  custom:CustomObjectIndexerAttribute: 756ad292c208cfabdd7b50bc23989ffe -> 
  custom:container-demuxer-webm: 4f35f7cbe854078d1ac9338744f61a02 -> 
  custom:FusionILWeaverTriggerImporter/ConfigHash: b0b173a93bb19085723cb3d421b3a13b -> 
  custom:container-muxer-webm: aa71ff27fc2769a1b78a27578f13a17b -> 
  custom:video-decoder-webm-vp8: 9c59270c3fd7afecdb556c50c9e8de78 -> 
  custom:AudioImporter_EditorPlatform: d09bf68614088b80899f8185d706f6e7 -> 
  custom:video-encoder-webm-vp8: eb34c28f22e8b96e1ab97ce403110664 -> 
  custom:audio-decoder-ogg-vorbis: bf7c407c2cedff20999df2af8eb42d56 -> 
  custom:Fusion.ScriptOrderDependency: 55ac1e3551dde8e220c3b2c8c3ef1b03 -> 
  custom:Fusion.PrefabsDependency: a191e681db5c6b9b09063bbcf35a6fb9 -> 
  custom:audio-encoder-webm-vorbis: bf7c407c2cedff20999df2af8eb42d56 -> 
========================================================================
Received Prepare
Begin MonoManager ReloadAssembly
Symbol file LoadedFromMemory doesn't match image Z:\Tareas de Mariel\Programacion\GitHub_Projects\TW\Library\PackageCache\com.unity.visualscripting@1.8.0\Editor\VisualScripting.Core\Dependencies\YamlDotNet\Unity.VisualScripting.YamlDotNet.dll
Symbol file LoadedFromMemory is not a mono symbol file
Symbol file LoadedFromMemory is not a mono symbol file
Symbol file LoadedFromMemory doesn't match image Z:\Tareas de Mariel\Programacion\GitHub_Projects\TW\Library\PackageCache\com.unity.visualscripting@1.8.0\Editor\VisualScripting.Core\Dependencies\DotNetZip\Unity.VisualScripting.IonicZip.dll
Symbol file LoadedFromMemory is not a mono symbol file
Symbol file LoadedFromMemory is not a mono symbol file
- Loaded All Assemblies, in  2.300 seconds
Refreshing native plugins compatible for Editor in 137.60 ms, found 4 plugins.
Native extension for WindowsStandalone target not found
[Package Manager] Server::EnsureServerProcessIsRunning -- launch failed, reason: Unity was launched with the -noUpm command-line argument
[Package Manager] UpmClient::Send -- Unable to send message (not connected to UPM process).
[Package Manager] Cannot connect to Unity Package Manager local server
Mono: successfully reloaded assembly
- Finished resetting the current domain, in  3.594 seconds
Domain Reload Profiling: 5874ms
	BeginReloadAssembly (406ms)
		ExecutionOrderSort (0ms)
		DisableScriptedObjects (13ms)
		BackupInstance (0ms)
		ReleaseScriptingObjects (0ms)
		CreateAndSetChildDomain (166ms)
	RebuildCommonClasses (71ms)
	RebuildNativeTypeToScriptingClass (36ms)
	initialDomainReloadingComplete (104ms)
	LoadAllAssembliesAndSetupDomain (1661ms)
		LoadAssemblies (849ms)
		RebuildTransferFunctionScriptingTraits (0ms)
		AnalyzeDomain (905ms)
			TypeCache.Refresh (880ms)
				TypeCache.ScanAssembly (823ms)
			ScanForSourceGeneratedMonoScriptInfo (0ms)
			ResolveRequiredComponents (25ms)
	FinalizeReload (3597ms)
		ReleaseScriptCaches (0ms)
		RebuildScriptCaches (0ms)
		SetupLoadedEditorAssemblies (1450ms)
			LogAssemblyErrors (0ms)
			InitializePlatformSupportModulesInManaged (31ms)
			SetLoadedEditorAssemblies (11ms)
			RefreshPlugins (0ms)
			BeforeProcessingInitializeOnLoad (219ms)
			ProcessInitializeOnLoadAttributes (1059ms)
			ProcessInitializeOnLoadMethodAttributes (74ms)
			AfterProcessingInitializeOnLoad (55ms)
			EditorAssembliesLoaded (1ms)
		ExecutionOrderSort2 (0ms)
		AwakeInstancesAfterBackupRestoration (18ms)
Refreshing native plugins compatible for Editor in 64.72 ms, found 4 plugins.
Preloading 0 native plugins for Editor in 0.00 ms.
Unloading 3164 Unused Serialized files (Serialized files now loaded: 0)
Unloading 52 unused Assets / (45.8 KB). Loaded Objects now: 3747.
Memory consumption went from 125.2 MB to 125.1 MB.
Total: 12.740700 ms (FindLiveObjects: 0.667400 ms CreateObjectMapping: 0.441800 ms MarkObjects: 11.472500 ms  DeleteObjects: 0.156800 ms)

Prepare: number of updated asset objects reloaded= 0
AssetImportParameters requested are different than current active one (requested -> active):
  custom:container-demuxer-ogg: 62fdf1f143b41e24485cea50d1cbac27 -> 
  custom:video-decoder-ogg-theora: a1e56fd34408186e4bbccfd4996cb3dc -> 
  custom:framework-win-MediaFoundation: 216162199b28c13a410421893ffa2e32 -> 
  custom:CustomObjectIndexerAttribute: 756ad292c208cfabdd7b50bc23989ffe -> 
  custom:container-demuxer-webm: 4f35f7cbe854078d1ac9338744f61a02 -> 
  custom:FusionILWeaverTriggerImporter/ConfigHash: b0b173a93bb19085723cb3d421b3a13b -> 
  custom:container-muxer-webm: aa71ff27fc2769a1b78a27578f13a17b -> 
  custom:video-decoder-webm-vp8: 9c59270c3fd7afecdb556c50c9e8de78 -> 
  custom:AudioImporter_EditorPlatform: d09bf68614088b80899f8185d706f6e7 -> 
  custom:video-encoder-webm-vp8: eb34c28f22e8b96e1ab97ce403110664 -> 
  custom:audio-decoder-ogg-vorbis: bf7c407c2cedff20999df2af8eb42d56 -> 
  custom:Fusion.ScriptOrderDependency: 55ac1e3551dde8e220c3b2c8c3ef1b03 -> 
  custom:Fusion.PrefabsDependency: a191e681db5c6b9b09063bbcf35a6fb9 -> 
  custom:audio-encoder-webm-vorbis: bf7c407c2cedff20999df2af8eb42d56 -> 
========================================================================
Received Import Request.
  Time since last request: 8418.078831 seconds.
  path: Assets/Art/Models/muro insdustro.fbx
  artifactKey: Guid(5870727685df1394bb1d50644c17351d) Importer(815301076,1909f56bfc062723c751e8b465ee728b)
Start importing Assets/Art/Models/muro insdustro.fbx using Guid(5870727685df1394bb1d50644c17351d) Importer(815301076,1909f56bfc062723c751e8b465ee728b)  -> (artifact id: 'a6e05bc796d02aa96b2e9ffdf09a22dd') in 0.731391 seconds
Number of updated asset objects reloaded before import = 0
Number of asset objects unloaded after import = 8
========================================================================
Received Import Request.
  Time since last request: 0.000067 seconds.
  path: Assets/Art/Models/tanquearriba.fbx
  artifactKey: Guid(3bf3be3dcc907d54cac9caeae861c9d6) Importer(815301076,1909f56bfc062723c751e8b465ee728b)
Start importing Assets/Art/Models/tanquearriba.fbx using Guid(3bf3be3dcc907d54cac9caeae861c9d6) Importer(815301076,1909f56bfc062723c751e8b465ee728b)  -> (artifact id: 'afeed54a1a8f2521bf5b31008463b30d') in 0.093375 seconds
Number of updated asset objects reloaded before import = 0
Number of asset objects unloaded after import = 35
========================================================================
Received Prepare
Refreshing native plugins compatible for Editor in 44.50 ms, found 4 plugins.
Preloading 0 native plugins for Editor in 0.00 ms.
Unloading 0 Unused Serialized files (Serialized files now loaded: 0)
Unloading 1 unused Assets / (0.8 KB). Loaded Objects now: 3784.
Memory consumption went from 75.9 MB to 75.9 MB.
Total: 6.594200 ms (FindLiveObjects: 0.424500 ms CreateObjectMapping: 0.153900 ms MarkObjects: 5.971400 ms  DeleteObjects: 0.042700 ms)

Prepare: number of updated asset objects reloaded= 0
AssetImportParameters requested are different than current active one (requested -> active):
  custom:container-demuxer-ogg: 62fdf1f143b41e24485cea50d1cbac27 -> 
  custom:video-decoder-ogg-theora: a1e56fd34408186e4bbccfd4996cb3dc -> 
  custom:framework-win-MediaFoundation: 216162199b28c13a410421893ffa2e32 -> 
  custom:CustomObjectIndexerAttribute: 756ad292c208cfabdd7b50bc23989ffe -> 
  custom:container-demuxer-webm: 4f35f7cbe854078d1ac9338744f61a02 -> 
  custom:FusionILWeaverTriggerImporter/ConfigHash: b0b173a93bb19085723cb3d421b3a13b -> 
  custom:container-muxer-webm: aa71ff27fc2769a1b78a27578f13a17b -> 
  custom:video-decoder-webm-vp8: 9c59270c3fd7afecdb556c50c9e8de78 -> 
  custom:AudioImporter_EditorPlatform: d09bf68614088b80899f8185d706f6e7 -> 
  custom:video-encoder-webm-vp8: eb34c28f22e8b96e1ab97ce403110664 -> 
  custom:audio-decoder-ogg-vorbis: bf7c407c2cedff20999df2af8eb42d56 -> 
  custom:Fusion.ScriptOrderDependency: 55ac1e3551dde8e220c3b2c8c3ef1b03 -> 
  custom:Fusion.PrefabsDependency: 1eb59576fbcab4b5fe38b6a89772630d -> 
  custom:audio-encoder-webm-vorbis: bf7c407c2cedff20999df2af8eb42d56 -> 
========================================================================
Received Prepare
Begin MonoManager ReloadAssembly
Symbol file LoadedFromMemory doesn't match image Z:\Tareas de Mariel\Programacion\GitHub_Projects\TW\Library\PackageCache\com.unity.visualscripting@1.8.0\Editor\VisualScripting.Core\Dependencies\YamlDotNet\Unity.VisualScripting.YamlDotNet.dll
Symbol file LoadedFromMemory is not a mono symbol file
Symbol file LoadedFromMemory is not a mono symbol file
Symbol file LoadedFromMemory doesn't match image Z:\Tareas de Mariel\Programacion\GitHub_Projects\TW\Library\PackageCache\com.unity.visualscripting@1.8.0\Editor\VisualScripting.Core\Dependencies\DotNetZip\Unity.VisualScripting.IonicZip.dll
Symbol file LoadedFromMemory is not a mono symbol file
Symbol file LoadedFromMemory is not a mono symbol file
- Loaded All Assemblies, in  2.553 seconds
Refreshing native plugins compatible for Editor in 43.27 ms, found 4 plugins.
Native extension for WindowsStandalone target not found
[Package Manager] Server::EnsureServerProcessIsRunning -- launch failed, reason: Unity was launched with the -noUpm command-line argument
[Package Manager] UpmClient::Send -- Unable to send message (not connected to UPM process).
[Package Manager] Cannot connect to Unity Package Manager local server
Mono: successfully reloaded assembly
- Finished resetting the current domain, in  2.357 seconds
Domain Reload Profiling: 4892ms
	BeginReloadAssembly (363ms)
		ExecutionOrderSort (0ms)
		DisableScriptedObjects (8ms)
		BackupInstance (0ms)
		ReleaseScriptingObjects (0ms)
		CreateAndSetChildDomain (86ms)
	RebuildCommonClasses (98ms)
	RebuildNativeTypeToScriptingClass (27ms)
	initialDomainReloadingComplete (291ms)
	LoadAllAssembliesAndSetupDomain (1755ms)
		LoadAssemblies (1075ms)
		RebuildTransferFunctionScriptingTraits (0ms)
		AnalyzeDomain (780ms)
			TypeCache.Refresh (759ms)
				TypeCache.ScanAssembly (736ms)
			ScanForSourceGeneratedMonoScriptInfo (5ms)
			ResolveRequiredComponents (16ms)
	FinalizeReload (2357ms)
		ReleaseScriptCaches (0ms)
		RebuildScriptCaches (0ms)
		SetupLoadedEditorAssemblies (849ms)
			LogAssemblyErrors (0ms)
			InitializePlatformSupportModulesInManaged (13ms)
			SetLoadedEditorAssemblies (6ms)
			RefreshPlugins (0ms)
			BeforeProcessingInitializeOnLoad (126ms)
			ProcessInitializeOnLoadAttributes (629ms)
			ProcessInitializeOnLoadMethodAttributes (41ms)
			AfterProcessingInitializeOnLoad (33ms)
			EditorAssembliesLoaded (1ms)
		ExecutionOrderSort2 (0ms)
		AwakeInstancesAfterBackupRestoration (11ms)
Refreshing native plugins compatible for Editor in 45.95 ms, found 4 plugins.
Preloading 0 native plugins for Editor in 0.00 ms.
Unloading 3164 Unused Serialized files (Serialized files now loaded: 0)
Unloading 52 unused Assets / (45.7 KB). Loaded Objects now: 3786.
Memory consumption went from 125.5 MB to 125.5 MB.
Total: 6.705500 ms (FindLiveObjects: 0.365000 ms CreateObjectMapping: 0.210100 ms MarkObjects: 6.002900 ms  DeleteObjects: 0.126100 ms)

Prepare: number of updated asset objects reloaded= 0
AssetImportParameters requested are different than current active one (requested -> active):
  custom:container-demuxer-ogg: 62fdf1f143b41e24485cea50d1cbac27 -> 
  custom:video-decoder-ogg-theora: a1e56fd34408186e4bbccfd4996cb3dc -> 
  custom:framework-win-MediaFoundation: 216162199b28c13a410421893ffa2e32 -> 
  custom:CustomObjectIndexerAttribute: 756ad292c208cfabdd7b50bc23989ffe -> 
  custom:container-demuxer-webm: 4f35f7cbe854078d1ac9338744f61a02 -> 
  custom:FusionILWeaverTriggerImporter/ConfigHash: b0b173a93bb19085723cb3d421b3a13b -> 
  custom:container-muxer-webm: aa71ff27fc2769a1b78a27578f13a17b -> 
  custom:video-decoder-webm-vp8: 9c59270c3fd7afecdb556c50c9e8de78 -> 
  custom:AudioImporter_EditorPlatform: d09bf68614088b80899f8185d706f6e7 -> 
  custom:video-encoder-webm-vp8: eb34c28f22e8b96e1ab97ce403110664 -> 
  custom:audio-decoder-ogg-vorbis: bf7c407c2cedff20999df2af8eb42d56 -> 
  custom:Fusion.ScriptOrderDependency: 55ac1e3551dde8e220c3b2c8c3ef1b03 -> 
  custom:Fusion.PrefabsDependency: 1eb59576fbcab4b5fe38b6a89772630d -> 
  custom:audio-encoder-webm-vorbis: bf7c407c2cedff20999df2af8eb42d56 -> 
========================================================================
Received Prepare
Refreshing native plugins compatible for Editor in 36.84 ms, found 4 plugins.
Preloading 0 native plugins for Editor in 0.00 ms.
Unloading 1 Unused Serialized files (Serialized files now loaded: 0)
Unloading 1 unused Assets / (3.0 KB). Loaded Objects now: 3786.
Memory consumption went from 76.2 MB to 76.2 MB.
Total: 4.539100 ms (FindLiveObjects: 0.506200 ms CreateObjectMapping: 0.259700 ms MarkObjects: 3.748300 ms  DeleteObjects: 0.023200 ms)

Prepare: number of updated asset objects reloaded= 0
AssetImportParameters requested are different than current active one (requested -> active):
  custom:container-demuxer-ogg: 62fdf1f143b41e24485cea50d1cbac27 -> 
  custom:video-decoder-ogg-theora: a1e56fd34408186e4bbccfd4996cb3dc -> 
  custom:framework-win-MediaFoundation: 216162199b28c13a410421893ffa2e32 -> 
  custom:CustomObjectIndexerAttribute: 756ad292c208cfabdd7b50bc23989ffe -> 
  custom:container-demuxer-webm: 4f35f7cbe854078d1ac9338744f61a02 -> 
  custom:FusionILWeaverTriggerImporter/ConfigHash: b0b173a93bb19085723cb3d421b3a13b -> 
  custom:container-muxer-webm: aa71ff27fc2769a1b78a27578f13a17b -> 
  custom:video-decoder-webm-vp8: 9c59270c3fd7afecdb556c50c9e8de78 -> 
  custom:AudioImporter_EditorPlatform: d09bf68614088b80899f8185d706f6e7 -> 
  custom:video-encoder-webm-vp8: eb34c28f22e8b96e1ab97ce403110664 -> 
  custom:audio-decoder-ogg-vorbis: bf7c407c2cedff20999df2af8eb42d56 -> 
  custom:Fusion.ScriptOrderDependency: 55ac1e3551dde8e220c3b2c8c3ef1b03 -> 
  custom:Fusion.PrefabsDependency: 1eb59576fbcab4b5fe38b6a89772630d -> 
  custom:audio-encoder-webm-vorbis: bf7c407c2cedff20999df2af8eb42d56 -> 
========================================================================
Received Prepare
Refreshing native plugins compatible for Editor in 39.80 ms, found 4 plugins.
Preloading 0 native plugins for Editor in 0.00 ms.
Unloading 1 Unused Serialized files (Serialized files now loaded: 0)
Unloading 1 unused Assets / (3.0 KB). Loaded Objects now: 3786.
Memory consumption went from 75.8 MB to 75.8 MB.
Total: 6.040200 ms (FindLiveObjects: 0.419900 ms CreateObjectMapping: 0.391600 ms MarkObjects: 5.192400 ms  DeleteObjects: 0.035000 ms)

Prepare: number of updated asset objects reloaded= 0
AssetImportParameters requested are different than current active one (requested -> active):
  custom:container-demuxer-ogg: 62fdf1f143b41e24485cea50d1cbac27 -> 
  custom:video-decoder-ogg-theora: a1e56fd34408186e4bbccfd4996cb3dc -> 
  custom:framework-win-MediaFoundation: 216162199b28c13a410421893ffa2e32 -> 
  custom:CustomObjectIndexerAttribute: 756ad292c208cfabdd7b50bc23989ffe -> 
  custom:container-demuxer-webm: 4f35f7cbe854078d1ac9338744f61a02 -> 
  custom:FusionILWeaverTriggerImporter/ConfigHash: b0b173a93bb19085723cb3d421b3a13b -> 
  custom:container-muxer-webm: aa71ff27fc2769a1b78a27578f13a17b -> 
  custom:video-decoder-webm-vp8: 9c59270c3fd7afecdb556c50c9e8de78 -> 
  custom:AudioImporter_EditorPlatform: d09bf68614088b80899f8185d706f6e7 -> 
  custom:video-encoder-webm-vp8: eb34c28f22e8b96e1ab97ce403110664 -> 
  custom:audio-decoder-ogg-vorbis: bf7c407c2cedff20999df2af8eb42d56 -> 
  custom:Fusion.ScriptOrderDependency: 55ac1e3551dde8e220c3b2c8c3ef1b03 -> 
  custom:Fusion.PrefabsDependency: 1eb59576fbcab4b5fe38b6a89772630d -> 
  custom:audio-encoder-webm-vorbis: bf7c407c2cedff20999df2af8eb42d56 -> 
========================================================================
Received Prepare
Begin MonoManager ReloadAssembly
Symbol file LoadedFromMemory doesn't match image Z:\Tareas de Mariel\Programacion\GitHub_Projects\TW\Library\PackageCache\com.unity.visualscripting@1.8.0\Editor\VisualScripting.Core\Dependencies\YamlDotNet\Unity.VisualScripting.YamlDotNet.dll
Symbol file LoadedFromMemory is not a mono symbol file
Symbol file LoadedFromMemory is not a mono symbol file
Symbol file LoadedFromMemory doesn't match image Z:\Tareas de Mariel\Programacion\GitHub_Projects\TW\Library\PackageCache\com.unity.visualscripting@1.8.0\Editor\VisualScripting.Core\Dependencies\DotNetZip\Unity.VisualScripting.IonicZip.dll
Symbol file LoadedFromMemory is not a mono symbol file
Symbol file LoadedFromMemory is not a mono symbol file
- Loaded All Assemblies, in  1.645 seconds
Refreshing native plugins compatible for Editor in 55.03 ms, found 4 plugins.
Native extension for WindowsStandalone target not found
[Package Manager] Server::EnsureServerProcessIsRunning -- launch failed, reason: Unity was launched with the -noUpm command-line argument
[Package Manager] UpmClient::Send -- Unable to send message (not connected to UPM process).
[Package Manager] Cannot connect to Unity Package Manager local server
Mono: successfully reloaded assembly
- Finished resetting the current domain, in  3.252 seconds
Domain Reload Profiling: 4882ms
	BeginReloadAssembly (282ms)
		ExecutionOrderSort (0ms)
		DisableScriptedObjects (12ms)
		BackupInstance (0ms)
		ReleaseScriptingObjects (0ms)
		CreateAndSetChildDomain (69ms)
	RebuildCommonClasses (69ms)
	RebuildNativeTypeToScriptingClass (17ms)
	initialDomainReloadingComplete (87ms)
	LoadAllAssembliesAndSetupDomain (1173ms)
		LoadAssemblies (623ms)
		RebuildTransferFunctionScriptingTraits (0ms)
		AnalyzeDomain (658ms)
			TypeCache.Refresh (644ms)
				TypeCache.ScanAssembly (614ms)
			ScanForSourceGeneratedMonoScriptInfo (0ms)
			ResolveRequiredComponents (13ms)
	FinalizeReload (3254ms)
		ReleaseScriptCaches (0ms)
		RebuildScriptCaches (0ms)
		SetupLoadedEditorAssemblies (1238ms)
			LogAssemblyErrors (0ms)
			InitializePlatformSupportModulesInManaged (17ms)
			SetLoadedEditorAssemblies (7ms)
			RefreshPlugins (0ms)
			BeforeProcessingInitializeOnLoad (301ms)
			ProcessInitializeOnLoadAttributes (787ms)
			ProcessInitializeOnLoadMethodAttributes (57ms)
			AfterProcessingInitializeOnLoad (69ms)
			EditorAssembliesLoaded (1ms)
		ExecutionOrderSort2 (0ms)
		AwakeInstancesAfterBackupRestoration (16ms)
Refreshing native plugins compatible for Editor in 46.54 ms, found 4 plugins.
Preloading 0 native plugins for Editor in 0.00 ms.
Unloading 3164 Unused Serialized files (Serialized files now loaded: 0)
Unloading 52 unused Assets / (45.9 KB). Loaded Objects now: 3789.
Memory consumption went from 125.5 MB to 125.5 MB.
Total: 7.780400 ms (FindLiveObjects: 0.726500 ms CreateObjectMapping: 0.261500 ms MarkObjects: 6.611400 ms  DeleteObjects: 0.178200 ms)

Prepare: number of updated asset objects reloaded= 0
AssetImportParameters requested are different than current active one (requested -> active):
  custom:container-demuxer-ogg: 62fdf1f143b41e24485cea50d1cbac27 -> 
  custom:video-decoder-ogg-theora: a1e56fd34408186e4bbccfd4996cb3dc -> 
  custom:framework-win-MediaFoundation: 216162199b28c13a410421893ffa2e32 -> 
  custom:CustomObjectIndexerAttribute: 756ad292c208cfabdd7b50bc23989ffe -> 
  custom:container-demuxer-webm: 4f35f7cbe854078d1ac9338744f61a02 -> 
  custom:FusionILWeaverTriggerImporter/ConfigHash: b0b173a93bb19085723cb3d421b3a13b -> 
  custom:container-muxer-webm: aa71ff27fc2769a1b78a27578f13a17b -> 
  custom:video-decoder-webm-vp8: 9c59270c3fd7afecdb556c50c9e8de78 -> 
  custom:AudioImporter_EditorPlatform: d09bf68614088b80899f8185d706f6e7 -> 
  custom:video-encoder-webm-vp8: eb34c28f22e8b96e1ab97ce403110664 -> 
  custom:audio-decoder-ogg-vorbis: bf7c407c2cedff20999df2af8eb42d56 -> 
  custom:Fusion.ScriptOrderDependency: 55ac1e3551dde8e220c3b2c8c3ef1b03 -> 
  custom:Fusion.PrefabsDependency: 1eb59576fbcab4b5fe38b6a89772630d -> 
  custom:audio-encoder-webm-vorbis: bf7c407c2cedff20999df2af8eb42d56 -> 
========================================================================
Received Prepare
Begin MonoManager ReloadAssembly
Symbol file LoadedFromMemory doesn't match image Z:\Tareas de Mariel\Programacion\GitHub_Projects\TW\Library\PackageCache\com.unity.visualscripting@1.8.0\Editor\VisualScripting.Core\Dependencies\YamlDotNet\Unity.VisualScripting.YamlDotNet.dll
Symbol file LoadedFromMemory is not a mono symbol file
Symbol file LoadedFromMemory is not a mono symbol file
Symbol file LoadedFromMemory doesn't match image Z:\Tareas de Mariel\Programacion\GitHub_Projects\TW\Library\PackageCache\com.unity.visualscripting@1.8.0\Editor\VisualScripting.Core\Dependencies\DotNetZip\Unity.VisualScripting.IonicZip.dll
Symbol file LoadedFromMemory is not a mono symbol file
Symbol file LoadedFromMemory is not a mono symbol file
- Loaded All Assemblies, in  2.314 seconds
Refreshing native plugins compatible for Editor in 28.12 ms, found 4 plugins.
Native extension for WindowsStandalone target not found
[Package Manager] Server::EnsureServerProcessIsRunning -- launch failed, reason: Unity was launched with the -noUpm command-line argument
[Package Manager] UpmClient::Send -- Unable to send message (not connected to UPM process).
[Package Manager] Cannot connect to Unity Package Manager local server
Mono: successfully reloaded assembly
- Finished resetting the current domain, in  2.118 seconds
Domain Reload Profiling: 4407ms
	BeginReloadAssembly (387ms)
		ExecutionOrderSort (0ms)
		DisableScriptedObjects (9ms)
		BackupInstance (0ms)
		ReleaseScriptingObjects (0ms)
		CreateAndSetChildDomain (118ms)
	RebuildCommonClasses (90ms)
	RebuildNativeTypeToScriptingClass (30ms)
	initialDomainReloadingComplete (119ms)
	LoadAllAssembliesAndSetupDomain (1662ms)
		LoadAssemblies (1228ms)
		RebuildTransferFunctionScriptingTraits (0ms)
		AnalyzeDomain (590ms)
			TypeCache.Refresh (577ms)
				TypeCache.ScanAssembly (560ms)
			ScanForSourceGeneratedMonoScriptInfo (4ms)
			ResolveRequiredComponents (9ms)
	FinalizeReload (2118ms)
		ReleaseScriptCaches (0ms)
		RebuildScriptCaches (0ms)
		SetupLoadedEditorAssemblies (933ms)
			LogAssemblyErrors (0ms)
			InitializePlatformSupportModulesInManaged (10ms)
			SetLoadedEditorAssemblies (4ms)
			RefreshPlugins (0ms)
			BeforeProcessingInitializeOnLoad (111ms)
			ProcessInitializeOnLoadAttributes (740ms)
			ProcessInitializeOnLoadMethodAttributes (38ms)
			AfterProcessingInitializeOnLoad (30ms)
			EditorAssembliesLoaded (0ms)
		ExecutionOrderSort2 (0ms)
		AwakeInstancesAfterBackupRestoration (14ms)
Refreshing native plugins compatible for Editor in 32.49 ms, found 4 plugins.
Preloading 0 native plugins for Editor in 0.00 ms.
Unloading 3164 Unused Serialized files (Serialized files now loaded: 0)
Unloading 52 unused Assets / (45.9 KB). Loaded Objects now: 3792.
Memory consumption went from 125.5 MB to 125.5 MB.
Total: 4.416100 ms (FindLiveObjects: 0.353600 ms CreateObjectMapping: 0.106300 ms MarkObjects: 3.857100 ms  DeleteObjects: 0.097800 ms)

Prepare: number of updated asset objects reloaded= 0
AssetImportParameters requested are different than current active one (requested -> active):
  custom:container-demuxer-ogg: 62fdf1f143b41e24485cea50d1cbac27 -> 
  custom:video-decoder-ogg-theora: a1e56fd34408186e4bbccfd4996cb3dc -> 
  custom:framework-win-MediaFoundation: 216162199b28c13a410421893ffa2e32 -> 
  custom:CustomObjectIndexerAttribute: 756ad292c208cfabdd7b50bc23989ffe -> 
  custom:container-demuxer-webm: 4f35f7cbe854078d1ac9338744f61a02 -> 
  custom:FusionILWeaverTriggerImporter/ConfigHash: b0b173a93bb19085723cb3d421b3a13b -> 
  custom:container-muxer-webm: aa71ff27fc2769a1b78a27578f13a17b -> 
  custom:video-decoder-webm-vp8: 9c59270c3fd7afecdb556c50c9e8de78 -> 
  custom:AudioImporter_EditorPlatform: d09bf68614088b80899f8185d706f6e7 -> 
  custom:video-encoder-webm-vp8: eb34c28f22e8b96e1ab97ce403110664 -> 
  custom:audio-decoder-ogg-vorbis: bf7c407c2cedff20999df2af8eb42d56 -> 
  custom:Fusion.ScriptOrderDependency: 55ac1e3551dde8e220c3b2c8c3ef1b03 -> 
  custom:Fusion.PrefabsDependency: 1eb59576fbcab4b5fe38b6a89772630d -> 
  custom:audio-encoder-webm-vorbis: bf7c407c2cedff20999df2af8eb42d56 -> 
========================================================================
Received Prepare
Begin MonoManager ReloadAssembly
Symbol file LoadedFromMemory doesn't match image Z:\Tareas de Mariel\Programacion\GitHub_Projects\TW\Library\PackageCache\com.unity.visualscripting@1.8.0\Editor\VisualScripting.Core\Dependencies\YamlDotNet\Unity.VisualScripting.YamlDotNet.dll
Symbol file LoadedFromMemory is not a mono symbol file
Symbol file LoadedFromMemory is not a mono symbol file
Symbol file LoadedFromMemory doesn't match image Z:\Tareas de Mariel\Programacion\GitHub_Projects\TW\Library\PackageCache\com.unity.visualscripting@1.8.0\Editor\VisualScripting.Core\Dependencies\DotNetZip\Unity.VisualScripting.IonicZip.dll
Symbol file LoadedFromMemory is not a mono symbol file
Symbol file LoadedFromMemory is not a mono symbol file
- Loaded All Assemblies, in  1.782 seconds
Refreshing native plugins compatible for Editor in 29.96 ms, found 4 plugins.
Native extension for WindowsStandalone target not found
[Package Manager] Server::EnsureServerProcessIsRunning -- launch failed, reason: Unity was launched with the -noUpm command-line argument
[Package Manager] UpmClient::Send -- Unable to send message (not connected to UPM process).
[Package Manager] Cannot connect to Unity Package Manager local server
Mono: successfully reloaded assembly
- Finished resetting the current domain, in  1.783 seconds
Domain Reload Profiling: 3544ms
	BeginReloadAssembly (352ms)
		ExecutionOrderSort (0ms)
		DisableScriptedObjects (13ms)
		BackupInstance (0ms)
		ReleaseScriptingObjects (0ms)
		CreateAndSetChildDomain (79ms)
	RebuildCommonClasses (79ms)
	RebuildNativeTypeToScriptingClass (24ms)
	initialDomainReloadingComplete (109ms)
	LoadAllAssembliesAndSetupDomain (1196ms)
		LoadAssemblies (801ms)
		RebuildTransferFunctionScriptingTraits (0ms)
		AnalyzeDomain (534ms)
			TypeCache.Refresh (519ms)
				TypeCache.ScanAssembly (495ms)
			ScanForSourceGeneratedMonoScriptInfo (5ms)
			ResolveRequiredComponents (10ms)
	FinalizeReload (1783ms)
		ReleaseScriptCaches (0ms)
		RebuildScriptCaches (0ms)
		SetupLoadedEditorAssemblies (722ms)
			LogAssemblyErrors (0ms)
			InitializePlatformSupportModulesInManaged (14ms)
			SetLoadedEditorAssemblies (5ms)
			RefreshPlugins (0ms)
			BeforeProcessingInitializeOnLoad (119ms)
			ProcessInitializeOnLoadAttributes (514ms)
			ProcessInitializeOnLoadMethodAttributes (38ms)
			AfterProcessingInitializeOnLoad (33ms)
			EditorAssembliesLoaded (0ms)
		ExecutionOrderSort2 (0ms)
		AwakeInstancesAfterBackupRestoration (10ms)
Refreshing native plugins compatible for Editor in 28.76 ms, found 4 plugins.
Preloading 0 native plugins for Editor in 0.00 ms.
Unloading 3164 Unused Serialized files (Serialized files now loaded: 0)
Unloading 52 unused Assets / (45.8 KB). Loaded Objects now: 3795.
Memory consumption went from 125.5 MB to 125.5 MB.
Total: 5.522500 ms (FindLiveObjects: 0.359300 ms CreateObjectMapping: 0.101800 ms MarkObjects: 4.950900 ms  DeleteObjects: 0.109200 ms)

Prepare: number of updated asset objects reloaded= 0
AssetImportParameters requested are different than current active one (requested -> active):
  custom:container-demuxer-ogg: 62fdf1f143b41e24485cea50d1cbac27 -> 
  custom:video-decoder-ogg-theora: a1e56fd34408186e4bbccfd4996cb3dc -> 
  custom:framework-win-MediaFoundation: 216162199b28c13a410421893ffa2e32 -> 
  custom:CustomObjectIndexerAttribute: 756ad292c208cfabdd7b50bc23989ffe -> 
  custom:container-demuxer-webm: 4f35f7cbe854078d1ac9338744f61a02 -> 
  custom:FusionILWeaverTriggerImporter/ConfigHash: b0b173a93bb19085723cb3d421b3a13b -> 
  custom:container-muxer-webm: aa71ff27fc2769a1b78a27578f13a17b -> 
  custom:video-decoder-webm-vp8: 9c59270c3fd7afecdb556c50c9e8de78 -> 
  custom:AudioImporter_EditorPlatform: d09bf68614088b80899f8185d706f6e7 -> 
  custom:video-encoder-webm-vp8: eb34c28f22e8b96e1ab97ce403110664 -> 
  custom:audio-decoder-ogg-vorbis: bf7c407c2cedff20999df2af8eb42d56 -> 
  custom:Fusion.ScriptOrderDependency: 55ac1e3551dde8e220c3b2c8c3ef1b03 -> 
  custom:Fusion.PrefabsDependency: 1eb59576fbcab4b5fe38b6a89772630d -> 
  custom:audio-encoder-webm-vorbis: bf7c407c2cedff20999df2af8eb42d56 -> 
========================================================================
Received Import Request.
  Time since last request: 1256.769246 seconds.
  path: Assets/Prefabs/Player.prefab
  artifactKey: Guid(82e6a593e20493d46854c266e2e23a58) Importer(815301076,1909f56bfc062723c751e8b465ee728b)
Start importing Assets/Prefabs/Player.prefab using Guid(82e6a593e20493d46854c266e2e23a58) Importer(815301076,1909f56bfc062723c751e8b465ee728b)  -> (artifact id: 'ca649bffa144ad40005e31c3e5e22ed2') in 0.697604 seconds
Internal: There are remaining Allocations on the JobTempAlloc. This is a leak, and will impact performance
To Debug, run app with -diag-job-temp-memory-leak-validation cmd line argument. This will output the callstacks of the leaked allocations.
Number of updated asset objects reloaded before import = 0
Number of asset objects unloaded after import = 119
========================================================================
Received Prepare
Refreshing native plugins compatible for Editor in 23.03 ms, found 4 plugins.
Preloading 0 native plugins for Editor in 0.00 ms.
Unloading 0 Unused Serialized files (Serialized files now loaded: 0)
Unloading 3 unused Assets / (2.7 KB). Loaded Objects now: 3796.
Memory consumption went from 75.9 MB to 75.9 MB.
Total: 4.049400 ms (FindLiveObjects: 0.334800 ms CreateObjectMapping: 0.212000 ms MarkObjects: 3.451400 ms  DeleteObjects: 0.049900 ms)

Prepare: number of updated asset objects reloaded= 0
AssetImportParameters requested are different than current active one (requested -> active):
  custom:container-demuxer-ogg: 62fdf1f143b41e24485cea50d1cbac27 -> 
  custom:video-decoder-ogg-theora: a1e56fd34408186e4bbccfd4996cb3dc -> 
  custom:framework-win-MediaFoundation: 216162199b28c13a410421893ffa2e32 -> 
  custom:CustomObjectIndexerAttribute: 756ad292c208cfabdd7b50bc23989ffe -> 
  custom:container-demuxer-webm: 4f35f7cbe854078d1ac9338744f61a02 -> 
  custom:FusionILWeaverTriggerImporter/ConfigHash: b0b173a93bb19085723cb3d421b3a13b -> 
  custom:container-muxer-webm: aa71ff27fc2769a1b78a27578f13a17b -> 
  custom:video-decoder-webm-vp8: 9c59270c3fd7afecdb556c50c9e8de78 -> 
  custom:AudioImporter_EditorPlatform: d09bf68614088b80899f8185d706f6e7 -> 
  custom:video-encoder-webm-vp8: eb34c28f22e8b96e1ab97ce403110664 -> 
  custom:audio-decoder-ogg-vorbis: bf7c407c2cedff20999df2af8eb42d56 -> 
  custom:Fusion.ScriptOrderDependency: 55ac1e3551dde8e220c3b2c8c3ef1b03 -> 
  custom:Fusion.PrefabsDependency: 1eb59576fbcab4b5fe38b6a89772630d -> 
  custom:audio-encoder-webm-vorbis: bf7c407c2cedff20999df2af8eb42d56 -> 
