{"cameraMode":{"drawMode":0,"name":"Shaded","section":"Shading Mode"},"sceneLighting":false,"audioPlay":false,"sceneViewState":{"m_AlwaysRefresh":true,"showFog":true,"showSkybox":false,"showFlares":true,"showImageEffects":true,"showParticleSystems":true,"showVisualEffectGraphs":true,"m_FxEnabled":true},"in2DMode":false,"pivot":{"x":0.5565791726112366,"y":0.06655824184417725,"z":20.6521053314209},"rotation":{"x":0.01072384137660265,"y":-0.7198747992515564,"z":0.010927139781415463,"w":0.6940029263496399},"size":2.029895544052124,"orthographic":false}